elapsed_seconds,latency_ms,ok
0.2,162.4,1
0.5,293.2,1
0.6,99.2,1
0.7,192.7,1
0.8,61.9,1
5.9,48.1,1
5.9,53.8,1
6.0,48.5,1
6.0,43.5,1
6.1,46.9,1
11.1,52.0,1
11.2,54.9,1
11.2,44.8,1
11.2,44.5,1
11.3,45.7,1
16.3,45.6,1
16.4,45.5,1
16.4,44.8,1
16.5,64.9,1
16.5,45.6,1
21.6,45.1,1
21.6,44.0,1
21.7,44.4,1
21.7,44.7,1
21.8,43.5,1
26.8,45.2,1
26.9,46.5,1
26.9,53.5,1
27.0,44.1,1
27.0,43.7,1
32.0,44.3,1
32.1,61.8,1
32.1,45.3,1
32.2,44.2,1
32.2,52.2,1
37.3,48.9,1
37.3,44.2,1
37.4,43.2,1
37.4,43.7,1
37.5,46.5,1
42.5,45.0,1
42.6,43.7,1
42.6,44.1,1
42.7,61.0,1
42.7,45.4,1
47.8,44.6,1
47.8,44.1,1
47.9,54.4,1
47.9,61.6,1
48.0,43.3,1
53.0,44.2,1
53.1,51.8,1
53.1,58.8,1
53.2,44.2,1
53.2,45.0,1
58.3,57.9,1
58.3,50.0,1
58.4,43.9,1
58.4,45.3,1
58.4,45.1,1
63.5,46.2,1
63.5,44.0,1
63.6,43.9,1
63.6,45.8,1
63.7,52.3,1
68.7,48.3,1
68.8,44.5,1
68.8,54.3,1
68.9,46.7,1
68.9,43.4,1
74.0,44.5,1
74.0,44.0,1
74.0,45.8,1
74.1,44.2,1
74.1,45.4,1
79.2,44.2,1
79.2,52.7,1
79.3,61.4,1
79.3,43.8,1
79.4,45.4,1
84.4,44.9,1
84.5,45.3,1
84.5,44.4,1
84.6,43.8,1
84.6,50.4,1
89.7,57.9,1
89.7,44.4,1
89.8,45.3,1
89.8,47.4,1
89.9,45.9,1
94.9,51.6,1
94.9,43.2,1
95.0,49.4,1
95.0,46.8,1
95.1,43.9,1
100.1,44.0,1
100.2,44.2,1
100.2,50.2,1
100.3,45.2,1
100.3,45.5,1
105.4,45.2,1
105.4,45.4,1
105.5,46.0,1
105.5,44.3,1
105.5,44.1,1
110.6,43.9,1
110.7,68.3,1
110.7,46.2,1
110.7,44.7,1
110.8,48.2,1
115.8,48.0,1
115.9,45.0,1
115.9,45.4,1
116.0,46.8,1
116.0,50.5,1
121.1,49.8,1
121.1,43.3,1
121.2,46.9,1
121.2,44.5,1
121.3,43.9,1
126.3,44.2,1
126.3,44.1,1
126.4,61.7,1
126.5,46.8,1
126.5,45.1,1
131.5,44.5,1
131.6,55.1,1
131.7,63.9,1
131.7,44.0,1
131.8,44.1,1
146.8,10006.2,0
156.8,10010.3,0
166.8,10009.7,0
166.8,44.7,1
166.9,58.1,1
171.9,47.5,1
172.0,46.1,1
172.0,44.1,1
172.1,51.6,1
182.1,10008.2,0
187.1,45.1,1
187.2,43.9,1
187.2,44.6,1
187.3,44.1,1
187.3,43.7,1
192.3,45.4,1
192.4,45.0,1
192.4,56.9,1
192.5,48.9,1
192.5,44.5,1
197.6,46.1,1
197.6,56.4,1
197.7,43.3,1
197.7,43.9,1
197.8,45.0,1
202.8,47.5,1
202.9,46.0,1
202.9,50.4,1
203.0,57.3,1
203.0,64.7,1
208.1,90.8,1
208.2,84.2,1
208.3,130.7,1
208.4,88.8,1
208.5,85.0,1
213.6,47.8,1
213.6,45.2,1
213.7,57.3,1
213.7,44.3,1
213.8,56.5,1
218.8,46.9,1
218.9,46.5,1
218.9,45.5,1
219.0,46.0,1
219.0,49.6,1
224.1,46.8,1
224.1,45.5,1
224.2,55.0,1
224.2,66.9,1
224.3,46.2,1
229.3,45.1,1
229.4,45.8,1
229.4,45.3,1
229.5,46.9,1
229.5,44.7,1
234.5,45.8,1
234.6,44.0,1
234.6,50.0,1
234.7,44.6,1
234.7,52.9,1
239.8,46.2,1
239.8,44.7,1
239.9,46.8,1
239.9,48.8,1
240.0,47.5,1
245.0,45.5,1
245.1,45.7,1
245.1,43.1,1
245.1,45.4,1
245.2,44.1,1
250.2,47.0,1
250.3,47.7,1
250.3,55.6,1
250.4,53.3,1
250.4,47.8,1
255.5,75.0,1
255.6,78.6,1
255.7,58.7,1
255.7,53.6,1
255.8,88.9,1
260.8,45.8,1
260.9,49.1,1
261.0,58.1,1
261.0,45.4,1
261.0,44.4,1
266.1,45.2,1
266.1,45.9,1
266.2,45.6,1
266.2,46.7,1
266.3,45.5,1
271.3,45.7,1
271.4,45.4,1
271.4,45.6,1
271.5,45.8,1
271.5,55.5,1
276.6,45.4,1
276.6,45.0,1
276.7,53.0,1
276.7,57.5,1
276.8,45.5,1
281.8,45.6,1
281.8,45.0,1
281.9,44.2,1
281.9,48.9,1
282.0,57.2,1
287.0,45.2,1
287.1,53.0,1
287.1,43.9,1
287.2,45.5,1
287.2,49.4,1
292.3,46.4,1
292.3,44.2,1
292.4,54.3,1
292.4,44.8,1
292.5,46.4,1
297.5,54.3,1
297.6,45.1,1
297.6,44.0,1
297.7,44.8,1
297.7,44.4,1
302.8,58.1,1
302.8,45.5,1
302.9,48.5,1
302.9,45.3,1
303.0,51.7,1
308.0,46.3,1
308.1,61.2,1
308.1,60.7,1
308.2,53.3,1
308.2,50.3,1
313.3,77.3,1
313.3,45.5,1
313.4,43.9,1
313.5,67.3,1
313.5,50.3,1
319.4,859.6,1
319.5,158.3,1
320.1,550.3,1
321.4,1296.9,1
322.5,1128.0,1
327.9,360.5,1
328.5,620.0,1
328.8,295.4,1
328.9,168.3,1
329.1,169.2,1
335.1,950.4,1
339.2,4082.4,1
342.7,3512.2,1
348.4,5734.8,1
350.6,2250.9,1
356.3,608.0,1
357.2,931.6,1
357.6,383.9,1
358.0,429.1,1
360.4,2382.0,1
368.5,3157.9,1
368.7,182.3,1
371.7,2995.0,1
372.0,262.5,1
379.2,7191.6,1
394.2,10010.1,0
404.2,10010.0,0
414.0,9773.9,1
424.0,10012.1,0
434.0,10010.0,0
439.8,837.4,1
440.0,177.6,1
449.6,9589.2,1
454.0,4423.3,1
464.0,9950.7,1
469.0,74.5,1
469.1,44.1,1
469.1,43.9,1
469.2,76.3,1
469.3,45.3,1
474.3,70.4,1
474.4,49.5,1
474.4,46.1,1
474.5,44.1,1
474.5,49.0,1
479.6,58.4,1
479.6,62.7,1
479.7,53.1,1
479.8,64.7,1
479.8,81.6,1
484.9,47.6,1
484.9,52.2,1
485.0,45.4,1
485.0,44.8,1
485.1,45.7,1
490.1,45.0,1
490.2,44.8,1
490.2,43.1,1
490.2,44.9,1
490.3,46.5,1
495.4,57.0,1
495.4,46.8,1
495.4,44.3,1
495.5,46.8,1
495.5,46.5,1
500.6,66.0,1
500.6,45.1,1
500.7,57.3,1
500.8,68.4,1
500.8,44.5,1
505.9,46.3,1
505.9,59.2,1
506.0,66.1,1
506.1,61.3,1
506.1,73.9,1
511.2,71.6,1
511.2,45.1,1
511.3,66.8,1
511.4,55.0,1
511.4,45.4,1
516.5,53.6,1
516.5,74.5,1
516.6,43.4,1
516.6,43.7,1
516.7,63.2,1
521.7,61.6,1
521.8,49.5,1
521.9,55.2,1
521.9,69.6,1
522.0,44.7,1
527.0,45.6,1
527.1,45.7,1
527.1,44.8,1
527.2,60.2,1
527.2,59.4,1
532.3,50.3,1
532.3,46.5,1
532.4,51.7,1
532.5,78.6,1
532.5,74.3,1
537.6,44.0,1
537.6,57.4,1
537.7,73.0,1
537.7,45.0,1
537.8,45.1,1
542.9,72.6,1
542.9,47.4,1
543.0,45.2,1
543.0,64.2,1
543.1,63.2,1
548.2,79.1,1
548.3,93.6,1
548.4,96.4,1
548.4,94.4,1
548.5,82.5,1
553.6,48.5,1
553.6,45.2,1
553.7,44.6,1
553.7,43.9,1
553.8,45.9,1
558.8,77.6,1
558.9,64.5,1
559.0,51.4,1
559.0,46.0,1
559.0,46.3,1
564.1,80.9,1
564.2,86.5,1
564.3,73.4,1
564.4,78.9,1
564.4,77.6,1
569.5,45.7,1
569.6,66.2,1
569.6,54.7,1
569.7,43.5,1
569.7,45.8,1
574.7,47.7,1
574.8,45.5,1
574.8,44.9,1
574.9,48.3,1
574.9,43.9,1
580.0,70.5,1
580.0,44.8,1
580.1,55.8,1
580.2,72.4,1
580.2,60.5,1
585.3,44.8,1
585.3,46.8,1
585.4,45.9,1
585.4,45.2,1
585.5,45.8,1
590.5,71.5,1
590.6,71.3,1
590.7,47.6,1
590.7,79.8,1
590.8,51.3,1
595.8,46.6,1
595.9,63.2,1
596.0,63.3,1
596.0,44.5,1
596.0,45.4,1
601.1,69.6,1
601.2,53.0,1
601.2,49.9,1
601.3,44.5,1
601.3,45.6,1
606.4,72.6,1
606.5,71.0,1
606.5,66.4,1
606.6,68.2,1
606.6,47.0,1
611.7,73.5,1
611.8,74.6,1
611.9,74.2,1
611.9,73.0,1
612.0,47.9,1
617.0,56.2,1
617.1,46.0,1
617.1,63.4,1
617.2,44.3,1
617.2,45.3,1
622.3,46.1,1
622.3,59.2,1
622.4,45.2,1
622.4,44.2,1
622.5,46.2,1
627.5,55.9,1
627.6,50.8,1
627.6,44.6,1
627.7,54.1,1
627.7,44.2,1
632.8,46.5,1
632.8,49.1,1
632.9,47.0,1
632.9,54.7,1
633.0,47.0,1
638.0,46.9,1
638.1,49.4,1
638.1,44.3,1
638.2,53.1,1
638.2,45.8,1
643.3,60.2,1
643.3,52.9,1
643.4,62.1,1
643.4,54.9,1
643.5,48.2,1
648.5,48.5,1
648.6,45.6,1
648.6,45.9,1
648.7,45.5,1
648.7,45.0,1
653.8,53.6,1
653.8,43.9,1
653.9,46.8,1
653.9,44.0,1
654.0,61.7,1
659.0,45.4,1
659.1,60.9,1
659.1,51.3,1
659.2,43.8,1
659.2,44.7,1
664.3,45.9,1
664.3,45.1,1
664.4,65.4,1
664.4,50.5,1
664.5,43.7,1
669.5,73.3,1
669.6,74.5,1
669.7,54.2,1
669.7,43.9,1
669.8,54.7,1
674.8,53.7,1
674.9,48.1,1
734.9,60040.6,1
735.0,76.1,1
735.0,63.3,1
740.1,51.2,1
740.1,49.6,1
740.2,54.4,1
740.3,58.1,1
740.3,46.4,1
745.4,53.1,1
745.4,51.4,1
745.5,52.0,1
745.5,58.9,1
745.6,46.6,1
750.6,70.9,1
750.7,62.3,1
750.8,54.5,1
750.8,54.7,1
750.9,64.7,1
755.9,53.2,1
756.0,48.2,1
756.0,45.5,1
756.1,43.5,1
756.1,59.4,1
761.2,59.0,1
761.2,56.3,1
761.3,50.9,1
761.3,48.7,1
761.4,53.0,1
766.4,46.5,1
766.5,46.0,1
766.5,50.3,1
766.6,43.5,1
766.6,44.5,1
771.7,44.7,1
771.7,44.9,1
771.8,50.4,1
771.8,56.8,1
771.9,55.0,1
776.9,46.5,1
777.0,44.6,1
777.0,44.4,1
777.1,43.7,1
777.1,43.6,1
782.2,52.6,1
782.2,45.8,1
782.2,44.0,1
782.3,55.2,1
782.3,46.1,1
787.4,44.9,1
787.4,45.2,1
787.5,47.0,1
787.5,44.5,1
787.6,44.2,1
792.6,45.4,1
792.7,52.4,1
792.7,47.4,1
792.8,44.0,1
792.8,45.1,1
797.9,46.4,1
797.9,45.8,1
797.9,44.4,1
798.0,43.6,1
798.0,52.3,1
803.1,44.9,1
803.1,51.7,1
803.2,45.8,1
803.2,45.0,1
803.3,44.8,1
808.3,45.1,1
808.4,45.2,1
808.4,47.4,1
808.5,46.1,1
808.5,47.3,1
813.6,53.2,1
813.6,43.5,1
813.6,44.4,1
813.7,52.8,1
813.8,56.3,1
818.8,44.9,1
818.8,45.4,1
818.9,45.1,1
818.9,56.3,1
819.0,45.4,1
824.0,44.3,1
824.1,44.3,1
824.1,45.5,1
824.2,43.8,1
824.2,43.6,1
829.3,45.9,1
829.3,54.9,1
829.4,43.4,1
829.4,43.9,1
829.4,44.8,1
834.5,46.2,1
834.5,53.3,1
834.6,43.4,1
834.6,46.3,1
834.7,75.4,1
839.8,45.0,1
839.8,44.7,1
839.8,46.2,1
839.9,44.8,1
839.9,44.9,1
845.0,47.1,1
845.0,44.5,1
845.1,43.6,1
845.1,44.6,1
845.2,44.0,1
850.2,44.0,1
850.2,46.0,1
850.3,46.7,1
850.3,45.5,1
850.4,47.1,1
855.4,43.9,1
855.5,55.9,1
855.5,44.0,1
855.6,44.0,1
855.6,44.5,1
860.7,45.8,1
860.7,46.2,1
860.8,44.2,1
860.8,45.0,1
860.8,47.9,1
865.9,46.0,1
865.9,45.7,1
866.0,45.5,1
866.0,51.6,1
866.1,45.6,1
871.1,44.6,1
871.2,43.5,1
871.2,44.1,1
871.3,68.8,1
871.3,43.6,1
876.4,45.7,1
876.4,43.9,1
876.5,64.6,1
876.5,44.8,1
876.6,44.9,1
881.6,50.3,1
881.7,45.4,1
881.7,44.7,1
881.8,44.0,1
881.8,50.1,1
886.9,56.7,1
886.9,44.8,1
887.0,43.7,1
887.0,45.0,1
887.0,50.9,1
892.1,44.7,1
892.1,45.5,1
892.2,44.4,1
892.2,44.3,1
892.3,45.1,1
897.3,44.4,1
897.4,43.9,1
897.4,44.7,1
897.5,69.8,1
897.5,43.9,1
