epoch_s,rss_kb,processes
1791455148,0,0
1791455164,0,0
1791455179,0,0
1791455194,0,0
1791455209,0,0
1791455224,0,0
1791455239,0,0
1791455254,0,0
1791455269,0,0
1791455284,0,0
1791455299,0,0
1791455314,0,0
1791455329,0,0
1791455344,0,0
1791455359,0,0
1791455374,0,0
1791455389,0,0
1791455404,0,0
1791455419,0,0
1791455434,0,0
1791455449,0,0
1791455464,0,0
1791455479,0,0
1791455494,0,0
1791455509,0,0
1791455524,0,0
1791455539,0,0
1791455554,0,0
1791455569,0,0
1791455584,0,0
1791455599,0,0
1791455614,0,0
1791455629,0,0
1791455644,0,0
1791455659,0,0
1791455674,0,0
1791455689,0,0
1791455704,0,0
1791455719,0,0
1791455734,0,0
1791455749,0,0
1791455764,0,0
1791455779,0,0
1791455794,0,0
1791455809,0,0
1791455824,0,0
1791455839,0,0
1791455854,0,0
1791455869,0,0
1791455884,0,0
1791455899,0,0
1791455914,0,0
1791455929,0,0
1791455944,0,0
1791455959,0,0
1791455974,0,0
1791455989,0,0
1791456004,0,0
1791456019,0,0
1791456034,0,0
1791456049,0,0
1791456064,0,0
1791456079,0,0
1791456094,0,0
1791456109,0,0
1791456124,0,0
1791456139,0,0
1791456154,0,0
1791456169,0,0
1791456184,0,0
1791456199,0,0
1791456214,0,0
1791456229,0,0
1791456244,0,0
1791456259,0,0
1791456274,0,0
1791456289,0,0
1791456304,0,0
1791456319,0,0
1791456334,0,0
1791456349,0,0
1791456364,0,0
1791456379,0,0
1791456394,0,0
1791456409,0,0
1791456424,0,0
1791456440,0,0
1791456455,0,0
1791456470,0,0
1791456485,0,0
1791456500,0,0
1791456515,0,0
1791456530,0,0
1791456545,0,0
1791456560,0,0
1791456575,0,0
1791456590,0,0
1791456605,0,0
1791456620,0,0
1791456635,0,0
1791456650,0,0
1791456665,0,0
1791456680,0,0
1791456695,0,0
1791456710,0,0
1791456725,0,0
1791456740,0,0
1791456755,0,0
1791456770,0,0
1791456785,0,0
1791456800,0,0
1791456815,0,0
1791456830,0,0
1791456845,0,0
1791456860,0,0
1791456875,0,0
1791456890,0,0
1791456905,0,0
1791456920,0,0
1791456935,0,0
1791456950,0,0
1791456965,0,0
1791456980,0,0
1791456995,0,0
1791457010,0,0
1791457025,0,0
1791457040,0,0
1791457055,0,0
1791457070,0,0
1791457085,0,0
1791457100,0,0
1791457115,0,0
1791457130,0,0
1791457145,0,0
1791457160,0,0
1791457175,0,0
1791457190,0,0
1791457205,0,0
1791457220,0,0
1791457235,0,0
1791457250,0,0
1791457265,0,0
1791457280,0,0
1791457295,0,0
1791457310,0,0
1791457325,0,0
1791457340,0,0
1791457355,0,0
1791457370,0,0
1791457385,0,0
1791457400,0,0
1791457415,0,0
1791457430,0,0
1791457445,0,0
1791457460,0,0
1791457475,0,0
1791457490,0,0
1791457505,0,0
1791457520,0,0
1791457535,0,0
1791457550,0,0
1791457565,0,0
1791457580,0,0
1791457595,0,0
1791457610,0,0
1791457625,0,0
1791457640,0,0
1791457655,0,0
1791457671,0,0
1791457686,0,0
1791457701,0,0
1791457716,0,0
1791457731,0,0
1791457746,0,0
1791457761,0,0
1791457776,0,0
1791457791,0,0
1791457806,0,0
1791457821,0,0
1791457836,0,0
1791457851,0,0
1791457866,0,0
1791457881,0,0
1791457896,0,0
1791457911,0,0
1791457926,0,0
1791457941,0,0
1791457956,0,0
1791457971,0,0
1791457986,0,0
1791458001,0,0
1791458016,0,0
1791458031,0,0
1791458046,0,0
1791458061,0,0
1791458076,0,0
1791458091,0,0
1791458106,0,0
1791458121,0,0
1791458136,0,0
1791458151,0,0
1791458166,0,0
1791458181,0,0
1791458196,0,0
1791458211,0,0
1791458226,0,0
1791458241,0,0
1791458256,0,0
1791458271,0,0
1791458286,0,0
1791458301,0,0
1791458316,0,0
1791458331,0,0
1791458346,0,0
1791458361,0,0
1791458376,0,0
1791458391,0,0
1791458406,0,0
1791458421,0,0
1791458436,0,0
1791458451,0,0
1791458466,0,0
1791458481,0,0
1791458496,0,0
1791458511,0,0
1791458526,0,0
1791458541,0,0
1791458556,0,0
1791458571,0,0
1791458586,0,0
1791458601,0,0
1791458616,0,0
1791458631,0,0
1791458646,0,0
1791458661,0,0
1791458676,0,0
1791458691,0,0
1791458706,0,0
1791458721,0,0
1791458736,0,0
1791458751,0,0
1791458766,0,0
1791458781,0,0
1791458796,0,0
1791458811,0,0
1791458826,0,0
1791458841,0,0
1791458856,0,0
1791458872,0,0
1791458887,0,0
1791458902,0,0
1791458917,0,0
1791458932,0,0
1791458947,0,0
1791458962,0,0
1791458977,0,0
1791458992,0,0
1791459007,0,0
1791459022,0,0
1791459037,0,0
1791459052,0,0
1791459067,0,0
1791459082,0,0
1791459097,0,0
1791459112,0,0
1791459127,0,0
1791459142,0,0
1791459157,0,0
1791459172,0,0
1791459187,0,0
1791459202,0,0
1791459217,0,0
1791459232,0,0
1791459247,0,0
1791459262,0,0
1791459277,0,0
1791459292,0,0
1791459307,0,0
1791459322,0,0
1791459337,0,0
1791459352,0,0
1791459367,0,0
1791459382,0,0
1791459397,0,0
1791459412,0,0
1791459427,0,0
1791459442,0,0
1791459457,0,0
1791459472,0,0
1791459487,0,0
1791459502,0,0
1791459517,0,0
1791459532,0,0
1791459547,0,0
1791459562,0,0
1791459577,0,0
1791459592,0,0
1791459607,0,0
1791459622,0,0
1791459637,0,0
1791459652,0,0
1791459667,0,0
1791459682,0,0
1791459697,0,0
1791459712,0,0
1791459727,0,0
1791459742,0,0
1791459757,0,0
1791459772,0,0
1791459787,0,0
1791459802,0,0
1791459817,0,0
1791459832,0,0
1791459847,0,0
1791459862,0,0
1791459877,0,0
1791459892,0,0
1791459907,0,0
1791459922,0,0
1791459937,0,0
1791459952,0,0
1791459967,0,0
1791459982,0,0
1791459997,0,0
1791460012,0,0
1791460027,0,0
1791460042,0,0
1791460057,0,0
1791460072,0,0
1791460088,0,0
1791460103,0,0
1791460118,0,0
1791460133,0,0
1791460148,0,0
1791460163,0,0
1791460178,0,0
1791460193,0,0
1791460208,0,0
1791460223,0,0
1791460238,0,0
1791460253,0,0
1791460268,0,0
1791460283,0,0
1791460298,0,0
1791460313,0,0
1791460328,0,0
1791460343,0,0
1791460358,0,0
1791460373,0,0
1791460388,0,0
1791460403,0,0
1791460418,0,0
1791460433,0,0
1791460448,0,0
1791460463,0,0
1791460478,0,0
1791460493,0,0
1791460508,0,0
1791460523,0,0
1791460538,0,0
1791460553,0,0
1791460568,0,0
1791460583,0,0
1791460598,0,0
1791460613,0,0
1791460628,0,0
1791460643,0,0
1791460658,0,0
1791460673,0,0
1791460688,0,0
1791460703,0,0
1791460718,0,0
1791460733,0,0
1791460748,0,0
1791460763,0,0
1791460778,0,0
1791460793,0,0
1791460808,0,0
1791460823,0,0
1791460838,0,0
1791460853,0,0
1791460868,0,0
1791460883,0,0
1791460898,0,0
1791460913,0,0
1791460928,0,0
1791460943,0,0
1791460958,0,0
1791460973,0,0
1791460988,0,0
1791461003,0,0
1791461018,0,0
1791461033,0,0
1791461048,0,0
1791461063,0,0
1791461078,0,0
1791461093,0,0
1791461108,0,0
1791461123,0,0
1791461138,0,0
1791461153,0,0
1791461168,0,0
1791461183,0,0
1791461198,0,0
1791461213,0,0
1791461228,0,0
1791461243,0,0
1791461258,0,0
1791461273,0,0
1791461288,0,0
1791461304,0,0
1791461319,0,0
1791461334,0,0
1791461349,0,0
1791461364,0,0
1791461379,0,0
1791461394,0,0
1791461409,0,0
1791461424,0,0
1791461439,0,0
1791461454,0,0
1791461469,0,0
1791461484,0,0
1791461499,0,0
1791461514,0,0
1791461529,0,0
1791461544,0,0
1791461559,0,0
1791461574,0,0
1791461589,0,0
1791461604,0,0
1791461619,0,0
1791461634,0,0
1791461649,0,0
1791461664,0,0
1791461679,0,0
1791461694,0,0
1791461709,0,0
1791461724,0,0
1791461739,0,0
1791461754,0,0
1791461769,0,0
1791461784,0,0
1791461799,0,0
1791461814,0,0
1791461829,0,0
1791461844,0,0
1791461859,0,0
1791461874,0,0
1791461889,0,0
1791461904,0,0
1791461919,0,0
1791461934,0,0
1791461949,0,0
1791461964,0,0
1791461979,0,0
1791461994,0,0
1791462009,0,0
1791462024,0,0
1791462039,0,0
1791462054,0,0
1791462069,0,0
1791462084,0,0
1791462099,0,0
1791462114,0,0
1791462129,0,0
1791462144,0,0
1791462159,0,0
1791462174,0,0
1791462189,0,0
1791462204,0,0
1791462219,0,0
1791462234,0,0
1791462249,0,0
1791462264,0,0
1791462279,0,0
1791462294,0,0
1791462309,0,0
1791462324,0,0
1791462339,0,0
1791462354,0,0
1791462369,0,0
1791462384,0,0
1791462399,0,0
1791462414,0,0
1791462429,0,0
1791462444,0,0
1791462459,0,0
1791462474,0,0
1791462489,0,0
1791462504,0,0
1791462520,0,0
1791462535,0,0
1791462550,0,0
1791462565,0,0
1791462580,0,0
1791462595,0,0
1791462610,0,0
1791462625,0,0
1791462640,0,0
1791462655,0,0
1791462670,0,0
1791462685,0,0
1791462700,0,0
1791462715,0,0
1791462730,0,0
1791462745,0,0
1791462760,0,0
1791462775,0,0
1791462790,0,0
1791462805,0,0
1791462820,0,0
1791462835,0,0
1791462850,0,0
1791462865,0,0
1791462880,0,0
1791462895,0,0
1791462910,0,0
1791462925,0,0
1791462940,0,0
1791462955,0,0
1791462970,0,0
1791462985,0,0
1791463000,0,0
1791463015,0,0
1791463030,0,0
1791463045,0,0
1791463060,0,0
1791463075,0,0
1791463090,0,0
1791463105,0,0
1791463120,0,0
1791463135,0,0
1791463150,0,0
1791463165,0,0
1791463180,0,0
1791463195,0,0
1791463210,0,0
1791463225,0,0
1791463240,0,0
1791463255,0,0
1791463270,0,0
1791463285,0,0
1791463300,0,0
1791463315,0,0
1791463330,0,0
1791463345,0,0
1791463360,0,0
1791463375,0,0
1791463390,0,0
1791463405,0,0
1791463420,0,0
1791463435,0,0
1791463450,0,0
1791463465,0,0
1791463480,0,0
1791463495,0,0
1791463510,0,0
1791463525,0,0
1791463540,0,0
1791463555,0,0
1791463570,0,0
1791463585,0,0
1791463600,0,0
1791463615,0,0
1791463630,0,0
1791463645,0,0
1791463660,0,0
1791463675,0,0
1791463690,0,0
1791463705,0,0
1791463720,0,0
1791463736,0,0
1791463751,0,0
1791463766,0,0
1791463781,0,0
1791463796,0,0
1791463811,0,0
1791463826,0,0
1791463841,0,0
1791463856,0,0
1791463871,0,0
1791463886,0,0
1791463901,0,0
1791463916,0,0
1791463931,0,0
1791463946,0,0
1791463961,0,0
1791463976,0,0
1791463991,0,0
1791464006,0,0
1791464021,0,0
1791464036,0,0
1791464051,0,0
1791464066,0,0
1791464081,0,0
1791464096,0,0
1791464111,0,0
1791464126,0,0
1791464141,0,0
1791464156,0,0
1791464171,0,0
1791464186,0,0
1791464201,0,0
1791464216,0,0
1791464231,0,0
1791464246,0,0
1791464261,0,0
1791464276,0,0
1791464291,0,0
1791464306,0,0
1791464321,0,0
1791464336,0,0
1791464351,0,0
1791464366,0,0
1791464381,0,0
1791464396,0,0
1791464411,0,0
1791464426,0,0
1791464441,0,0
1791464456,0,0
1791464471,0,0
1791464486,0,0
1791464501,0,0
1791464516,0,0
1791464531,0,0
1791464546,0,0
1791464561,0,0
1791464576,0,0
1791464591,0,0
1791464606,0,0
1791464621,0,0
1791464636,0,0
1791464651,0,0
1791464666,0,0
1791464681,0,0
1791464696,0,0
1791464711,0,0
1791464726,0,0
1791464741,0,0
1791464756,0,0
1791464771,0,0
1791464786,0,0
1791464801,0,0
1791464816,0,0
1791464831,0,0
1791464846,0,0
1791464861,0,0
1791464876,0,0
1791464891,0,0
1791464906,0,0
1791464922,0,0
1791464937,0,0
1791464952,0,0
1791464967,0,0
1791464982,0,0
1791464997,0,0
1791465012,0,0
1791465027,0,0
1791465042,0,0
1791465057,0,0
1791465072,0,0
1791465087,0,0
1791465102,0,0
1791465117,0,0
1791465132,0,0
1791465147,0,0
1791465162,0,0
1791465177,0,0
1791465192,0,0
1791465207,0,0
1791465222,0,0
1791465237,0,0
1791465252,0,0
1791465267,0,0
1791465282,0,0
1791465297,0,0
1791465312,0,0
1791465327,0,0
1791465342,0,0
1791465357,0,0
1791465372,0,0
1791465387,0,0
1791465402,0,0
1791465417,0,0
1791465432,0,0
1791465447,0,0
1791465462,0,0
1791465477,0,0
1791465492,0,0
1791465507,0,0
1791465522,0,0
1791465537,0,0
1791465552,0,0
1791465567,0,0
1791465582,0,0
1791465597,0,0
1791465612,0,0
1791465627,0,0
1791465642,0,0
1791465657,0,0
1791465672,0,0
1791465687,0,0
1791465702,0,0
1791465717,0,0
1791465732,0,0
1791465747,0,0
1791465762,0,0
1791465777,0,0
1791465792,0,0
1791465807,0,0
1791465822,0,0
1791465837,0,0
1791465852,0,0
1791465867,0,0
1791465882,0,0
1791465897,0,0
1791465912,0,0
1791465927,0,0
1791465942,0,0
1791465957,0,0
1791465972,0,0
1791465987,0,0
1791466002,0,0
1791466017,0,0
1791466032,0,0
1791466047,0,0
1791466062,0,0
1791466077,0,0
1791466092,0,0
1791466107,0,0
1791466123,0,0
1791466138,0,0
1791466153,0,0
1791466168,0,0
1791466183,0,0
1791466198,0,0
1791466213,0,0
1791466228,0,0
1791466243,0,0
1791466258,0,0
1791466273,0,0
1791466288,0,0
1791466303,0,0
1791466318,0,0
1791466333,0,0
1791466348,0,0
1791466363,0,0
1791466378,0,0
1791466393,0,0
1791466408,0,0
1791466423,0,0
1791466438,0,0
1791466453,0,0
1791466468,0,0
1791466483,0,0
1791466498,0,0
1791466513,0,0
1791466528,0,0
1791466543,0,0
1791466558,0,0
1791466573,0,0
1791466588,0,0
1791466603,0,0
1791466618,0,0
1791466633,0,0
1791466648,0,0
1791466663,0,0
1791466678,0,0
1791466693,0,0
1791466708,0,0
1791466723,0,0
1791466738,0,0
1791466753,0,0
1791466768,0,0
1791466783,0,0
1791466798,0,0
1791466813,0,0
1791466828,0,0
1791466843,0,0
1791466858,0,0
1791466873,0,0
1791466888,0,0
1791466903,0,0
1791466918,0,0
1791466933,0,0
1791466948,0,0
1791466963,0,0
1791466978,0,0
1791466993,0,0
1791467008,0,0
1791467023,0,0
1791467038,0,0
1791467053,0,0
1791467068,0,0
1791467083,0,0
1791467098,0,0
1791467113,0,0
1791467128,0,0
1791467143,0,0
1791467158,0,0
1791467173,0,0
1791467188,0,0
1791467203,0,0
1791467218,0,0
1791467233,0,0
1791467248,0,0
1791467263,0,0
1791467278,0,0
1791467294,0,0
1791467309,0,0
1791467324,0,0
1791467339,0,0
1791467354,0,0
1791467369,0,0
1791467384,0,0
1791467399,0,0
1791467414,0,0
1791467429,0,0
1791467444,0,0
1791467459,0,0
1791467474,0,0
1791467489,0,0
1791467504,0,0
1791467519,0,0
1791467534,0,0
1791467549,0,0
1791467564,0,0
1791467579,0,0
1791467594,0,0
1791467609,0,0
1791467624,0,0
1791467639,0,0
1791467654,0,0
1791467669,0,0
1791467684,0,0
1791467699,0,0
1791467714,0,0
1791467729,0,0
1791467744,0,0
1791467759,0,0
1791467774,0,0
1791467789,0,0
1791467804,0,0
1791467819,0,0
1791467834,0,0
1791467849,0,0
1791467864,0,0
1791467879,0,0
1791467894,0,0
1791467909,0,0
1791467924,0,0
1791467939,0,0
1791467954,0,0
1791467969,0,0
1791467984,0,0
1791467999,0,0
1791468014,0,0
1791468029,0,0
1791468044,0,0
1791468059,0,0
1791468074,0,0
1791468089,0,0
1791468104,0,0
1791468119,0,0
1791468134,0,0
1791468149,0,0
1791468164,0,0
1791468179,0,0
1791468194,0,0
1791468209,0,0
1791468224,0,0
1791468239,0,0
1791468254,0,0
1791468269,0,0
1791468284,0,0
1791468299,0,0
1791468314,0,0
1791468329,0,0
1791468344,0,0
1791468359,0,0
1791468374,0,0
1791468389,0,0
1791468405,0,0
1791468420,0,0
1791468435,0,0
1791468450,0,0
1791468465,0,0
1791468480,0,0
1791468495,0,0
1791468510,0,0
1791468525,0,0
1791468540,0,0
1791468555,0,0
1791468570,0,0
1791468585,0,0
1791468600,0,0
1791468615,0,0
1791468630,0,0
1791468645,0,0
1791468660,0,0
1791468675,0,0
1791468690,0,0
1791468705,0,0
1791468720,0,0
1791468735,0,0
1791468750,0,0
1791468765,0,0
1791468780,0,0
1791468795,0,0
1791468810,0,0
1791468825,0,0
1791468840,0,0
1791468855,0,0
1791468870,0,0
1791468885,0,0
1791468900,0,0
1791468915,0,0
1791468930,0,0
1791468945,0,0
1791468960,0,0
1791468975,0,0
1791468990,0,0
1791469005,0,0
1791469020,0,0
1791469035,0,0
1791469050,0,0
1791469065,0,0
1791469080,0,0
1791469095,0,0
1791469110,0,0
1791469125,0,0
1791469140,0,0
1791469155,0,0
1791469170,0,0
1791469185,0,0
1791469200,0,0
1791469215,0,0
1791469230,0,0
1791469245,0,0
1791469260,0,0
1791469275,0,0
1791469290,0,0
1791469305,0,0
1791469320,0,0
1791469335,0,0
1791469350,0,0
1791469365,0,0
1791469380,0,0
1791469395,0,0
1791469410,0,0
1791469425,0,0
1791469440,0,0
1791469455,0,0
1791469470,0,0
1791469485,0,0
1791469500,0,0
1791469515,0,0
1791469530,0,0
1791469545,0,0
1791469561,0,0
1791469576,0,0
1791469591,0,0
1791469606,0,0
1791469621,0,0
1791469636,0,0
1791469651,0,0
1791469666,0,0
1791469681,0,0
1791469696,0,0
1791469711,0,0
1791469726,0,0
1791469741,0,0
1791469756,0,0
1791469771,0,0
1791469786,0,0
1791469801,0,0
1791469816,0,0
1791469831,0,0
1791469846,0,0
1791469861,0,0
1791469876,0,0
1791469891,0,0
1791469906,0,0
1791469921,0,0
1791469936,0,0
1791469951,0,0
1791469966,0,0
1791469981,0,0
1791469996,0,0
1791470011,0,0
1791470026,0,0
1791470041,0,0
1791470056,0,0
1791470071,0,0
1791470086,0,0
1791470101,0,0
1791470116,0,0
1791470131,0,0
1791470146,0,0
1791470161,0,0
1791470176,0,0
1791470191,0,0
1791470206,0,0
1791470221,0,0
1791470236,0,0
1791470251,0,0
1791470266,0,0
1791470281,0,0
1791470296,0,0
1791470311,0,0
1791470326,0,0
1791470341,0,0
1791470356,0,0
1791470371,0,0
1791470386,0,0
1791470401,0,0
1791470416,0,0
1791470431,0,0
1791470446,0,0
1791470461,0,0
1791470476,0,0
1791470491,0,0
1791470506,0,0
1791470521,0,0
1791470536,0,0
1791470551,0,0
1791470566,0,0
1791470581,0,0
1791470596,0,0
1791470611,0,0
1791470626,0,0
1791470641,0,0
1791470656,0,0
1791470671,0,0
1791470686,0,0
1791470702,0,0
1791470717,0,0
1791470732,0,0
1791470747,0,0
1791470762,0,0
1791470777,0,0
1791470792,0,0
1791470807,0,0
1791470822,0,0
1791470837,0,0
1791470852,0,0
1791470867,0,0
1791470882,0,0
1791470897,0,0
1791470912,0,0
1791470927,0,0
1791470942,0,0
1791470957,0,0
1791470972,0,0
1791470987,0,0
1791471002,0,0
1791471017,0,0
1791471032,0,0
1791471047,0,0
1791471062,0,0
1791471077,0,0
1791471092,0,0
1791471107,0,0
1791471122,0,0
1791471137,0,0
1791471152,0,0
1791471167,0,0
1791471182,0,0
1791471197,0,0
1791471212,0,0
1791471227,0,0
1791471242,0,0
1791471257,0,0
1791471272,0,0
1791471287,0,0
1791471302,0,0
1791471317,0,0
1791471332,0,0
1791471347,0,0
1791471362,0,0
1791471377,0,0
1791471392,0,0
1791471407,0,0
1791471422,0,0
1791471437,0,0
1791471452,0,0
1791471467,0,0
1791471482,0,0
1791471497,0,0
1791471512,0,0
1791471527,0,0
1791471542,0,0
1791471557,0,0
1791471572,0,0
1791471587,0,0
1791471602,0,0
1791471617,0,0
1791471632,0,0
1791471647,0,0
1791471662,0,0
1791471677,0,0
1791471692,0,0
1791471707,0,0
1791471722,0,0
1791471737,0,0
1791471752,0,0
1791471767,0,0
1791471782,0,0
1791471797,0,0
1791471812,0,0
1791471828,0,0
1791471843,0,0
1791471858,0,0
1791471873,0,0
1791471888,0,0
1791471903,0,0
1791471918,0,0
1791471933,0,0
1791471948,0,0
1791471963,0,0
1791471978,0,0
1791471993,0,0
1791472008,0,0
1791472023,0,0
1791472038,0,0
1791472053,0,0
1791472068,0,0
1791472083,0,0
1791472098,0,0
1791472113,0,0
1791472128,0,0
1791472143,0,0
1791472158,0,0
1791472173,0,0
1791472188,0,0
1791472203,0,0
1791472218,0,0
1791472233,0,0
1791472248,0,0
1791472263,0,0
1791472278,0,0
1791472293,0,0
1791472308,0,0
1791472323,0,0
1791472338,0,0
1791472353,0,0
1791472368,0,0
1791472383,0,0
1791472398,0,0
1791472413,0,0
1791472428,0,0
1791472443,0,0
1791472458,0,0
1791472473,0,0
1791472488,0,0
1791472503,0,0
1791472518,0,0
1791472533,0,0
1791472548,0,0
1791472563,0,0
1791472578,0,0
1791472593,0,0
1791472608,0,0
1791472623,0,0
1791472638,0,0
1791472653,0,0
1791472668,0,0
1791472683,0,0
1791472698,0,0
1791472713,0,0
1791472728,0,0
1791472743,0,0
1791472758,0,0
1791472773,0,0
1791472788,0,0
1791472803,0,0
1791472818,0,0
1791472833,0,0
1791472848,0,0
1791472863,0,0
1791472878,0,0
1791472893,0,0
1791472908,0,0
1791472923,0,0
1791472938,0,0
1791472954,0,0
1791472969,0,0
1791472984,0,0
1791472999,0,0
1791473014,0,0
1791473029,0,0
1791473044,0,0
1791473059,0,0
1791473074,0,0
1791473089,0,0
1791473104,0,0
1791473119,0,0
1791473134,0,0
1791473149,0,0
1791473164,0,0
1791473179,0,0
1791473194,0,0
1791473209,0,0
1791473224,0,0
1791473239,0,0
1791473254,0,0
1791473269,0,0
1791473284,0,0
1791473299,0,0
1791473314,0,0
1791473329,0,0
1791473344,0,0
1791473359,0,0
1791473374,0,0
1791473389,0,0
1791473404,0,0
1791473419,0,0
1791473434,0,0
1791473449,0,0
1791473464,0,0
1791473479,0,0
1791473494,0,0
1791473509,0,0
1791473524,0,0
1791473539,0,0
1791473554,0,0
1791473569,0,0
1791473584,0,0
1791473599,0,0
1791473614,0,0
1791473629,0,0
1791473644,0,0
1791473659,0,0
1791473674,0,0
1791473689,0,0
1791473704,0,0
1791473719,0,0
1791473734,0,0
1791473749,0,0
1791473764,0,0
1791473779,0,0
1791473794,0,0
1791473809,0,0
1791473824,0,0
1791473839,0,0
1791473854,0,0
1791473869,0,0
1791473884,0,0
1791473899,0,0
1791473914,0,0
1791473929,0,0
1791473944,0,0
1791473959,0,0
1791473974,0,0
1791473989,0,0
1791474004,0,0
1791474019,0,0
1791474034,0,0
1791474049,0,0
1791474064,0,0
1791474079,0,0
1791474095,0,0
1791474110,0,0
1791474125,0,0
1791474140,0,0
1791474155,0,0
1791474170,0,0
1791474185,0,0
1791474200,0,0
1791474215,0,0
1791474230,0,0
1791474245,0,0
1791474260,0,0
1791474275,0,0
1791474290,0,0
1791474305,0,0
1791474320,0,0
1791474335,0,0
1791474350,0,0
1791474365,0,0
1791474380,0,0
1791474395,0,0
1791474410,0,0
1791474425,0,0
1791474440,0,0
1791474455,0,0
1791474470,0,0
1791474485,0,0
1791474500,0,0
1791474515,0,0
1791474530,0,0
1791474545,0,0
1791474560,0,0
1791474575,0,0
1791474590,0,0
1791474605,0,0
1791474620,0,0
1791474635,0,0
1791474650,0,0
1791474665,0,0
1791474680,0,0
1791474695,0,0
1791474710,0,0
1791474725,0,0
1791474740,0,0
1791474755,0,0
1791474770,0,0
1791474785,0,0
1791474800,0,0
1791474815,0,0
1791474830,0,0
1791474845,0,0
1791474860,0,0
1791474875,0,0
1791474890,0,0
1791474905,0,0
1791474920,0,0
1791474935,0,0
1791474950,0,0
1791474965,0,0
1791474980,0,0
1791474995,0,0
1791475010,0,0
1791475025,0,0
1791475040,0,0
1791475055,0,0
1791475070,0,0
1791475085,0,0
1791475100,0,0
1791475115,0,0
1791475130,0,0
1791475145,0,0
1791475160,0,0
1791475175,0,0
1791475191,0,0
1791475206,0,0
1791475221,0,0
1791475236,0,0
1791475251,0,0
1791475266,0,0
1791475281,0,0
1791475296,0,0
1791475311,0,0
1791475326,0,0
1791475341,0,0
1791475356,0,0
1791475371,0,0
1791475386,0,0
1791475401,0,0
1791475416,0,0
1791475431,0,0
1791475446,0,0
1791475461,0,0
1791475476,0,0
1791475491,0,0
1791475506,0,0
1791475521,0,0
1791475536,0,0
1791475551,0,0
1791475566,0,0
1791475581,0,0
1791475596,0,0
1791475611,0,0
1791475626,0,0
1791475641,0,0
1791475656,0,0
1791475671,0,0
1791475686,0,0
1791475701,0,0
1791475716,0,0
1791475731,0,0
1791475746,0,0
1791475761,0,0
1791475776,0,0
1791475791,0,0
1791475806,0,0
1791475821,0,0
1791475836,0,0
1791475851,0,0
1791475866,0,0
1791475881,0,0
1791475896,0,0
1791475911,0,0
1791475926,0,0
1791475941,0,0
1791475956,0,0
1791475971,0,0
1791475986,0,0
1791476001,0,0
1791476016,0,0
1791476031,0,0
1791476046,0,0
1791476061,0,0
1791476076,0,0
1791476091,0,0
1791476106,0,0
1791476121,0,0
1791476136,0,0
1791476151,0,0
1791476166,0,0
1791476181,0,0
1791476196,0,0
1791476211,0,0
1791476226,0,0
1791476241,0,0
1791476256,0,0
1791476271,0,0
1791476286,0,0
1791476301,0,0
1791476316,0,0
1791476332,0,0
1791476347,0,0
1791476362,0,0
1791476377,0,0
1791476392,0,0
1791476407,0,0
1791476422,0,0
1791476437,0,0
1791476452,0,0
1791476467,0,0
1791476482,0,0
1791476497,0,0
1791476512,0,0
1791476527,0,0
1791476542,0,0
1791476557,0,0
1791476572,0,0
1791476587,0,0
1791476602,0,0
1791476617,0,0
1791476632,0,0
1791476647,0,0
1791476662,0,0
1791476677,0,0
1791476692,0,0
1791476707,0,0
1791476722,0,0
1791476737,0,0
1791476752,0,0
1791476767,0,0
1791476782,0,0
1791476797,0,0
1791476812,0,0
1791476827,0,0
1791476842,0,0
1791476857,0,0
1791476872,0,0
1791476887,0,0
1791476902,0,0
1791476917,0,0
1791476932,0,0
1791476947,0,0
1791476962,0,0
1791476977,0,0
1791476992,0,0
1791477007,0,0
1791477022,0,0
1791477037,0,0
1791477052,0,0
1791477067,0,0
1791477082,0,0
1791477097,0,0
1791477112,0,0
1791477127,0,0
1791477142,0,0
1791477157,0,0
1791477172,0,0
1791477187,0,0
1791477202,0,0
1791477217,0,0
1791477232,0,0
1791477247,0,0
1791477262,0,0
1791477277,0,0
1791477292,0,0
1791477307,0,0
1791477322,0,0
1791477337,0,0
1791477352,0,0
1791477367,0,0
1791477382,0,0
1791477397,0,0
1791477412,0,0
1791477427,0,0
1791477442,0,0
1791477457,0,0
1791477473,0,0
1791477488,0,0
1791477503,0,0
1791477518,0,0
1791477533,0,0
1791477548,0,0
1791477563,0,0
1791477578,0,0
1791477593,0,0
1791477608,0,0
1791477623,0,0
1791477638,0,0
1791477653,0,0
1791477668,0,0
1791477683,0,0
1791477698,0,0
1791477713,0,0
1791477728,0,0
1791477743,0,0
1791477758,0,0
1791477773,0,0
1791477788,0,0
1791477803,0,0
1791477818,0,0
1791477833,0,0
1791477848,0,0
1791477863,0,0
1791477878,0,0
1791477893,0,0
1791477908,0,0
1791477923,0,0
1791477938,0,0
1791477953,0,0
1791477968,0,0
1791477983,0,0
1791477998,0,0
1791478013,0,0
1791478028,0,0
1791478043,0,0
1791478058,0,0
1791478073,0,0
1791478088,0,0
1791478103,0,0
1791478118,0,0
1791478133,0,0
1791478148,0,0
1791478163,0,0
1791478178,0,0
1791478193,0,0
1791478208,0,0
1791478223,0,0
1791478238,0,0
1791478253,0,0
1791478268,0,0
1791478283,0,0
1791478298,0,0
1791478313,0,0
1791478328,0,0
1791478343,0,0
1791478358,0,0
1791478373,0,0
1791478388,0,0
1791478403,0,0
1791478418,0,0
1791478433,0,0
1791478448,0,0
1791478463,0,0
1791478478,0,0
1791478493,0,0
1791478508,0,0
1791478523,0,0
1791478538,0,0
1791478553,0,0
1791478568,0,0
1791478583,0,0
1791478598,0,0
1791478613,0,0
1791478628,0,0
1791478643,0,0
1791478659,0,0
1791478674,0,0
1791478689,0,0
1791478704,0,0
1791478719,0,0
1791478734,0,0
1791478749,0,0
1791478764,0,0
1791478779,0,0
1791478794,0,0
1791478809,0,0
1791478824,0,0
1791478839,0,0
1791478854,0,0
1791478869,0,0
1791478884,0,0
1791478899,0,0
1791478914,0,0
1791478929,0,0
1791478944,0,0
1791478959,0,0
1791478974,0,0
1791478989,0,0
1791479004,0,0
1791479019,0,0
1791479034,0,0
1791479049,0,0
1791479064,0,0
1791479079,0,0
1791479094,0,0
1791479109,0,0
1791479124,0,0
1791479139,0,0
1791479154,0,0
1791479169,0,0
1791479184,0,0
1791479199,0,0
1791479214,0,0
1791479229,0,0
1791479244,0,0
1791479259,0,0
1791479274,0,0
1791479289,0,0
1791479304,0,0
1791479319,0,0
1791479334,0,0
1791479349,0,0
1791479364,0,0
1791479379,0,0
1791479394,0,0
1791479409,0,0
1791479424,0,0
1791479439,0,0
1791479454,0,0
1791479469,0,0
1791479484,0,0
1791479499,0,0
1791479514,0,0
1791479529,0,0
1791479544,0,0
1791479559,0,0
1791479574,0,0
1791479589,0,0
1791479604,0,0
1791479619,0,0
1791479634,0,0
1791479649,0,0
1791479664,0,0
1791479679,0,0
1791479694,0,0
1791479709,0,0
1791479724,0,0
1791479739,0,0
1791479754,0,0
1791479769,0,0
1791479784,0,0
1791479799,0,0
1791479814,0,0
1791479829,0,0
1791479845,0,0
1791479860,0,0
1791479875,0,0
1791479890,0,0
1791479905,0,0
1791479920,0,0
1791479935,0,0
1791479950,0,0
1791479965,0,0
1791479980,0,0
1791479995,0,0
1791480010,0,0
1791480025,0,0
1791480040,0,0
1791480055,0,0
1791480070,0,0
1791480085,0,0
1791480100,0,0
1791480115,0,0
1791480130,0,0
1791480145,0,0
1791480160,0,0
1791480175,0,0
1791480190,0,0
1791480205,0,0
1791480220,0,0
1791480235,0,0
1791480250,0,0
1791480265,0,0
1791480280,0,0
1791480295,0,0
1791480310,0,0
1791480325,0,0
1791480340,0,0
1791480355,0,0
1791480370,0,0
1791480385,0,0
1791480400,0,0
1791480415,0,0
1791480430,0,0
1791480445,0,0
1791480460,0,0
1791480475,0,0
1791480490,0,0
1791480505,0,0
1791480520,0,0
1791480535,0,0
1791480550,0,0
1791480565,0,0
1791480580,0,0
1791480595,0,0
1791480610,0,0
1791480625,0,0
1791480640,0,0
1791480655,0,0
1791480670,0,0
1791480685,0,0
1791480700,0,0
1791480715,0,0
1791480730,0,0
1791480745,0,0
1791480760,0,0
1791480775,0,0
1791480790,0,0
1791480805,0,0
1791480820,0,0
1791480835,0,0
1791480850,0,0
1791480865,0,0
1791480880,0,0
1791480895,0,0
1791480910,0,0
1791480925,0,0
1791480940,0,0
1791480955,0,0
1791480970,0,0
1791480986,0,0
1791481001,0,0
1791481016,0,0
1791481031,0,0
1791481046,0,0
1791481061,0,0
1791481076,0,0
1791481091,0,0
1791481106,0,0
1791481121,0,0
1791481136,0,0
1791481151,0,0
1791481166,0,0
1791481181,0,0
1791481196,0,0
1791481211,0,0
1791481226,0,0
1791481241,0,0
1791481256,0,0
1791481271,0,0
1791481286,0,0
1791481301,0,0
1791481316,0,0
1791481331,0,0
1791481346,0,0
1791481361,0,0
1791481376,0,0
1791481391,0,0
1791481406,0,0
1791481421,0,0
1791481436,0,0
1791481451,0,0
1791481466,0,0
1791481481,0,0
1791481496,0,0
1791481511,0,0
1791481526,0,0
1791481541,0,0
1791481556,0,0
1791481571,0,0
1791481586,0,0
1791481601,0,0
1791481616,0,0
1791481631,0,0
1791481646,0,0
1791481661,0,0
1791481676,0,0
1791481691,0,0
1791481706,0,0
1791481721,0,0
1791481736,0,0
1791481751,0,0
1791481766,0,0
1791481781,0,0
1791481796,0,0
1791481811,0,0
1791481826,0,0
1791481841,0,0
1791481856,0,0
1791481871,0,0
1791481886,0,0
1791481901,0,0
1791481916,0,0
1791481931,0,0
1791481946,0,0
1791481961,0,0
1791481976,0,0
1791481991,0,0
1791482006,0,0
1791482021,0,0
1791482036,0,0
1791482051,0,0
1791482066,0,0
1791482081,0,0
1791482096,0,0
1791482111,0,0
1791482126,0,0
1791482141,0,0
1791482157,0,0
1791482172,0,0
1791482187,0,0
1791482202,0,0
1791482217,0,0
1791482232,0,0
1791482247,0,0
1791482262,0,0
1791482277,0,0
1791482292,0,0
1791482307,0,0
1791482322,0,0
1791482337,0,0
1791482352,0,0
1791482367,0,0
1791482382,0,0
1791482397,0,0
1791482412,0,0
1791482427,0,0
1791482442,0,0
1791482457,0,0
1791482472,0,0
1791482487,0,0
1791482502,0,0
1791482517,0,0
1791482532,0,0
1791482547,0,0
1791482562,0,0
1791482577,0,0
1791482592,0,0
1791482607,0,0
1791482622,0,0
1791482637,0,0
1791482652,0,0
1791482667,0,0
1791482682,0,0
1791482697,0,0
1791482712,0,0
1791482727,0,0
1791482742,0,0
1791482757,0,0
1791482772,0,0
1791482787,0,0
1791482802,0,0
1791482817,0,0
1791482832,0,0
1791482847,0,0
1791482862,0,0
1791482877,0,0
1791482892,0,0
1791482907,0,0
1791482922,0,0
1791482937,0,0
1791482952,0,0
1791482967,0,0
1791482982,0,0
1791482997,0,0
1791483012,0,0
1791483027,0,0
1791483042,0,0
1791483057,0,0
1791483072,0,0
1791483087,0,0
1791483102,0,0
1791483117,0,0
1791483132,0,0
1791483147,0,0
1791483162,0,0
1791483177,0,0
1791483192,0,0
1791483207,0,0
1791483222,0,0
1791483237,0,0
1791483252,0,0
1791483267,0,0
1791483282,0,0
1791483297,0,0
1791483313,0,0
1791483328,0,0
1791483343,0,0
1791483358,0,0
1791483373,0,0
1791483388,0,0
1791483403,0,0
1791483418,0,0
1791483433,0,0
1791483448,0,0
1791483463,0,0
1791483478,0,0
1791483493,0,0
1791483508,0,0
1791483523,0,0
1791483538,0,0
1791483553,0,0
1791483568,0,0
1791483583,0,0
1791483598,0,0
1791483613,0,0
1791483628,0,0
1791483643,0,0
1791483658,0,0
1791483673,0,0
1791483688,0,0
1791483703,0,0
1791483718,0,0
1791483733,0,0
1791483748,0,0
1791483763,0,0
1791483778,0,0
1791483793,0,0
1791483808,0,0
1791483823,0,0
1791483838,0,0
1791483853,0,0
1791483868,0,0
1791483883,0,0
1791483898,0,0
1791483913,0,0
1791483928,0,0
1791483943,0,0
1791483958,0,0
1791483973,0,0
1791483988,0,0
1791484003,0,0
1791484018,0,0
1791484033,0,0
1791484048,0,0
1791484063,0,0
1791484078,0,0
1791484093,0,0
1791484108,0,0
1791484123,0,0
1791484138,0,0
1791484153,0,0
1791484168,0,0
1791484183,0,0
1791484198,0,0
1791484213,0,0
1791484228,0,0
1791484243,0,0
1791484258,0,0
1791484273,0,0
1791484288,0,0
1791484303,0,0
1791484318,0,0
1791484333,0,0
1791484348,0,0
1791484363,0,0
1791484378,0,0
1791484393,0,0
1791484408,0,0
1791484423,0,0
1791484438,0,0
1791484453,0,0
1791484469,0,0
1791484484,0,0
1791484499,0,0
1791484514,0,0
1791484529,0,0
1791484544,0,0
1791484559,0,0
1791484574,0,0
1791484589,0,0
1791484604,0,0
1791484619,0,0
1791484634,0,0
1791484649,0,0
1791484664,0,0
1791484679,0,0
1791484694,0,0
1791484709,0,0
1791484724,0,0
1791484739,0,0
1791484754,0,0
1791484769,0,0
1791484784,0,0
1791484799,0,0
1791484814,0,0
1791484829,0,0
1791484844,0,0
1791484859,0,0
1791484874,0,0
1791484889,0,0
1791484904,0,0
1791484919,0,0
1791484934,0,0
1791484949,0,0
1791484964,0,0
1791484979,0,0
1791484994,0,0
1791485009,0,0
1791485024,0,0
1791485039,0,0
1791485054,0,0
1791485069,0,0
1791485084,0,0
1791485099,0,0
1791485114,0,0
1791485129,0,0
1791485144,0,0
1791485159,0,0
1791485174,0,0
1791485189,0,0
1791485204,0,0
1791485219,0,0
1791485234,0,0
1791485249,0,0
1791485264,0,0
1791485279,0,0
1791485294,0,0
1791485309,0,0
1791485324,0,0
1791485339,0,0
1791485354,0,0
1791485369,0,0
1791485384,0,0
1791485399,0,0
1791485414,0,0
1791485429,0,0
1791485444,0,0
1791485459,0,0
1791485474,0,0
1791485489,0,0
1791485504,0,0
1791485519,0,0
1791485534,0,0
1791485549,0,0
1791485564,0,0
1791485579,0,0
1791485594,0,0
1791485609,0,0
1791485624,0,0
1791485640,0,0
1791485655,0,0
1791485670,0,0
1791485685,0,0
1791485700,0,0
1791485715,0,0
1791485730,0,0
1791485745,0,0
1791485760,0,0
1791485775,0,0
1791485790,0,0
1791485805,0,0
1791485820,0,0
1791485835,0,0
1791485850,0,0
1791485865,0,0
1791485880,0,0
1791485895,0,0
1791485910,0,0
1791485925,0,0
1791485940,0,0
1791485955,0,0
1791485970,0,0
1791485985,0,0
1791486000,0,0
1791486015,0,0
1791486030,0,0
1791486045,0,0
1791486060,0,0
1791486075,0,0
1791486090,0,0
1791486105,0,0
1791486120,0,0
1791486135,0,0
1791486150,0,0
1791486165,0,0
1791486180,0,0
1791486195,0,0
1791486210,0,0
1791486225,0,0
1791486240,0,0
1791486255,0,0
1791486270,0,0
1791486285,0,0
1791486300,0,0
1791486315,0,0
1791486330,0,0
1791486345,0,0
1791486360,0,0
1791486375,0,0
1791486390,0,0
1791486405,0,0
1791486420,0,0
1791486435,0,0
1791486450,0,0
1791486465,0,0
1791486480,0,0
1791486495,0,0
1791486510,0,0
1791486525,0,0
1791486540,0,0
1791486555,0,0
1791486570,0,0
1791486585,0,0
1791486600,0,0
1791486615,0,0
1791486630,0,0
1791486645,0,0
1791486660,0,0
1791486675,0,0
1791486690,0,0
1791486705,0,0
1791486720,0,0
1791486735,0,0
1791486750,0,0
1791486765,0,0
1791486780,0,0
1791486795,0,0
1791486811,0,0
1791486826,0,0
1791486841,0,0
1791486856,0,0
1791486871,0,0
1791486886,0,0
1791486901,0,0
1791486916,0,0
1791486931,0,0
1791486946,0,0
1791486961,0,0
1791486976,0,0
1791486991,0,0
1791487006,0,0
1791487021,0,0
1791487036,0,0
1791487051,0,0
1791487066,0,0
1791487081,0,0
1791487096,0,0
1791487111,0,0
1791487126,0,0
1791487141,0,0
1791487156,0,0
1791487171,0,0
1791487186,0,0
1791487201,0,0
1791487216,0,0
1791487231,0,0
1791487246,0,0
1791487261,0,0
1791487276,0,0
1791487291,0,0
1791487306,0,0
1791487321,0,0
1791487336,0,0
1791487351,0,0
1791487366,0,0
1791487381,0,0
1791487396,0,0
1791487411,0,0
1791487426,0,0
1791487441,0,0
1791487456,0,0
1791487471,0,0
1791487486,0,0
1791487501,0,0
1791487516,0,0
1791487531,0,0
1791487546,0,0
1791487561,0,0
1791487576,0,0
1791487591,0,0
1791487606,0,0
1791487621,0,0
1791487636,0,0
1791487651,0,0
1791487666,0,0
1791487681,0,0
1791487696,0,0
1791487711,0,0
1791487726,0,0
1791487741,0,0
1791487756,0,0
1791487771,0,0
1791487786,0,0
1791487801,0,0
1791487816,0,0
1791487831,0,0
1791487846,0,0
1791487861,0,0
1791487876,0,0
1791487891,0,0
1791487906,0,0
1791487921,0,0
1791487936,0,0
1791487952,0,0
1791487967,0,0
1791487982,0,0
1791487997,0,0
1791488012,0,0
1791488027,0,0
1791488042,0,0
1791488057,0,0
1791488072,0,0
1791488087,0,0
1791488102,0,0
1791488117,0,0
1791488132,0,0
1791488147,0,0
1791488162,0,0
1791488177,0,0
1791488192,0,0
1791488207,0,0
1791488222,0,0
1791488237,0,0
1791488252,0,0
1791488267,0,0
1791488282,0,0
1791488297,0,0
1791488312,0,0
1791488327,0,0
1791488342,0,0
1791488357,0,0
1791488372,0,0
1791488387,0,0
1791488402,0,0
1791488417,0,0
1791488432,0,0
1791488447,0,0
1791488462,0,0
1791488477,0,0
1791488492,0,0
1791488507,0,0
1791488522,0,0
1791488537,0,0
1791488552,0,0
1791488567,0,0
1791488582,0,0
1791488597,0,0
1791488612,0,0
1791488627,0,0
1791488642,0,0
1791488657,0,0
1791488672,0,0
1791488687,0,0
1791488702,0,0
1791488717,0,0
1791488732,0,0
1791488747,0,0
1791488762,0,0
1791488777,0,0
1791488792,0,0
1791488807,0,0
1791488822,0,0
1791488837,0,0
1791488852,0,0
1791488867,0,0
1791488882,0,0
1791488897,0,0
1791488912,0,0
1791488927,0,0
1791488942,0,0
1791488957,0,0
1791488972,0,0
1791488987,0,0
1791489002,0,0
1791489017,0,0
1791489032,0,0
1791489047,0,0
1791489062,0,0
1791489077,0,0
1791489092,0,0
1791489108,0,0
1791489123,0,0
1791489138,0,0
1791489153,0,0
1791489168,0,0
1791489183,0,0
1791489198,0,0
1791489213,0,0
1791489228,0,0
1791489243,0,0
1791489258,0,0
1791489273,0,0
1791489288,0,0
1791489303,0,0
1791489318,0,0
1791489333,0,0
1791489348,0,0
1791489363,0,0
1791489378,0,0
1791489393,0,0
1791489408,0,0
1791489423,0,0
1791489438,0,0
1791489453,0,0
1791489468,0,0
1791489483,0,0
1791489498,0,0
1791489513,0,0
1791489528,0,0
1791489543,0,0
1791489558,0,0
1791489573,0,0
1791489588,0,0
1791489603,0,0
1791489618,0,0
1791489633,0,0
1791489648,0,0
1791489663,0,0
1791489678,0,0
1791489693,0,0
1791489708,0,0
1791489723,0,0
1791489738,0,0
1791489753,0,0
1791489768,0,0
1791489783,0,0
1791489798,0,0
1791489813,0,0
1791489828,0,0
1791489843,0,0
1791489858,0,0
1791489873,0,0
1791489888,0,0
1791489903,0,0
1791489918,0,0
1791489933,0,0
1791489948,0,0
1791489963,0,0
1791489978,0,0
1791489993,0,0
1791490008,0,0
1791490023,0,0
1791490038,0,0
1791490053,0,0
1791490068,0,0
1791490083,0,0
1791490098,0,0
1791490113,0,0
1791490128,0,0
1791490143,0,0
1791490158,0,0
1791490173,0,0
1791490188,0,0
1791490203,0,0
1791490218,0,0
1791490233,0,0
1791490248,0,0
1791490264,0,0
1791490279,0,0
1791490294,0,0
1791490309,0,0
1791490324,0,0
1791490339,0,0
1791490354,0,0
1791490369,0,0
1791490384,0,0
1791490399,0,0
1791490414,0,0
1791490429,0,0
1791490444,0,0
1791490459,0,0
1791490474,0,0
1791490489,0,0
1791490504,0,0
1791490519,0,0
1791490534,0,0
1791490549,0,0
1791490564,0,0
1791490579,0,0
1791490594,0,0
1791490609,0,0
1791490624,0,0
1791490639,0,0
1791490654,0,0
1791490669,0,0
1791490684,0,0
1791490699,0,0
1791490714,0,0
1791490729,0,0
1791490744,0,0
1791490759,0,0
1791490774,0,0
1791490789,0,0
1791490804,0,0
1791490819,0,0
1791490834,0,0
1791490849,0,0
1791490864,0,0
1791490879,0,0
1791490894,0,0
1791490909,0,0
1791490924,0,0
1791490939,0,0
1791490954,0,0
1791490969,0,0
1791490984,0,0
1791490999,0,0
1791491014,0,0
1791491029,0,0
1791491044,0,0
1791491059,0,0
1791491074,0,0
1791491089,0,0
1791491104,0,0
1791491119,0,0
1791491134,0,0
1791491149,0,0
1791491164,0,0
1791491179,0,0
1791491194,0,0
1791491209,0,0
1791491224,0,0
1791491239,0,0
1791491254,0,0
1791491269,0,0
1791491284,0,0
1791491299,0,0
1791491314,0,0
1791491329,0,0
1791491344,0,0
1791491359,0,0
1791491374,0,0
1791491389,0,0
1791491404,0,0
1791491420,0,0
1791491435,0,0
1791491450,0,0
1791491465,0,0
1791491480,0,0
1791491495,0,0
1791491510,0,0
1791491525,0,0
1791491540,0,0
1791491555,0,0
1791491570,0,0
1791491585,0,0
1791491600,0,0
1791491615,0,0
1791491630,0,0
1791491645,0,0
1791491660,0,0
1791491675,0,0
1791491690,0,0
1791491705,0,0
1791491720,0,0
1791491735,0,0
1791491750,0,0
1791491765,0,0
1791491780,0,0
1791491795,0,0
1791491810,0,0
1791491825,0,0
1791491840,0,0
1791491855,0,0
1791491870,0,0
1791491885,0,0
1791491900,0,0
1791491915,0,0
1791491930,0,0
1791491945,0,0
1791491960,0,0
1791491975,0,0
1791491990,0,0
1791492005,0,0
1791492020,0,0
1791492035,0,0
1791492050,0,0
1791492065,0,0
1791492080,0,0
1791492095,0,0
1791492110,0,0
1791492125,0,0
1791492140,0,0
1791492155,0,0
1791492170,0,0
1791492185,0,0
1791492200,0,0
1791492215,0,0
1791492230,0,0
1791492245,0,0
1791492260,0,0
1791492275,0,0
1791492290,0,0
1791492305,0,0
1791492320,0,0
1791492335,0,0
1791492350,0,0
1791492365,0,0
1791492380,0,0
1791492395,0,0
1791492410,0,0
1791492425,0,0
1791492440,0,0
1791492455,0,0
1791492470,0,0
1791492485,0,0
1791492500,0,0
1791492515,0,0
1791492530,0,0
1791492545,0,0
1791492560,0,0
1791492576,0,0
1791492591,0,0
1791492606,0,0
1791492621,0,0
1791492636,0,0
1791492651,0,0
1791492666,0,0
1791492681,0,0
1791492696,0,0
1791492711,0,0
1791492726,0,0
1791492741,0,0
1791492756,0,0
1791492771,0,0
1791492786,0,0
1791492801,0,0
1791492816,0,0
1791492831,0,0
1791492846,0,0
1791492861,0,0
1791492876,0,0
1791492891,0,0
1791492906,0,0
1791492921,0,0
1791492936,0,0
1791492951,0,0
1791492966,0,0
1791492981,0,0
1791492996,0,0
1791493011,0,0
1791493026,0,0
1791493041,0,0
1791493056,0,0
1791493071,0,0
1791493086,0,0
1791493101,0,0
1791493116,0,0
1791493131,0,0
1791493146,0,0
1791493161,0,0
1791493176,0,0
1791493191,0,0
1791493206,0,0
1791493221,0,0
1791493236,0,0
1791493251,0,0
1791493266,0,0
1791493281,0,0
1791493296,0,0
1791493311,0,0
1791493326,0,0
1791493341,0,0
1791493356,0,0
1791493371,0,0
1791493386,0,0
1791493401,0,0
1791493416,0,0
1791493431,0,0
1791493446,0,0
1791493461,0,0
1791493476,0,0
1791493491,0,0
1791493506,0,0
1791493521,0,0
1791493536,0,0
1791493551,0,0
1791493566,0,0
1791493581,0,0
1791493596,0,0
1791493611,0,0
1791493626,0,0
1791493641,0,0
1791493656,0,0
1791493671,0,0
1791493686,0,0
1791493701,0,0
1791493716,0,0
1791493732,0,0
1791493747,0,0
1791493762,0,0
1791493777,0,0
1791493792,0,0
1791493807,0,0
1791493822,0,0
1791493837,0,0
1791493852,0,0
1791493867,0,0
1791493882,0,0
1791493897,0,0
1791493912,0,0
1791493927,0,0
1791493942,0,0
1791493957,0,0
1791493972,0,0
1791493987,0,0
1791494002,0,0
1791494017,0,0
1791494032,0,0
1791494047,0,0
1791494062,0,0
1791494077,0,0
1791494092,0,0
1791494107,0,0
1791494122,0,0
1791494137,0,0
1791494152,0,0
1791494167,0,0
1791494182,0,0
1791494197,0,0
1791494212,0,0
1791494227,0,0
1791494242,0,0
1791494257,0,0
1791494272,0,0
1791494287,0,0
1791494302,0,0
1791494317,0,0
1791494332,0,0
1791494347,0,0
1791494362,0,0
1791494377,0,0
1791494392,0,0
1791494407,0,0
1791494422,0,0
1791494437,0,0
1791494452,0,0
1791494467,0,0
1791494482,0,0
1791494497,0,0
1791494512,0,0
1791494527,0,0
1791494542,0,0
1791494557,0,0
1791494572,0,0
1791494587,0,0
1791494602,0,0
1791494617,0,0
1791494632,0,0
1791494647,0,0
1791494662,0,0
1791494677,0,0
1791494692,0,0
1791494707,0,0
1791494722,0,0
1791494737,0,0
1791494752,0,0
1791494767,0,0
1791494782,0,0
1791494797,0,0
1791494812,0,0
1791494827,0,0
1791494842,0,0
1791494857,0,0
1791494872,0,0
1791494888,0,0
1791494903,0,0
1791494918,0,0
1791494933,0,0
1791494948,0,0
1791494963,0,0
1791494978,0,0
1791494993,0,0
1791495008,0,0
1791495023,0,0
1791495038,0,0
1791495053,0,0
1791495068,0,0
1791495083,0,0
1791495098,0,0
1791495113,0,0
1791495128,0,0
1791495143,0,0
1791495158,0,0
1791495173,0,0
1791495188,0,0
1791495203,0,0
1791495218,0,0
1791495233,0,0
1791495248,0,0
1791495263,0,0
1791495278,0,0
1791495293,0,0
1791495308,0,0
1791495323,0,0
1791495338,0,0
1791495353,0,0
1791495368,0,0
1791495383,0,0
1791495398,0,0
1791495413,0,0
1791495428,0,0
1791495443,0,0
1791495458,0,0
1791495473,0,0
1791495488,0,0
1791495503,0,0
1791495518,0,0
1791495533,0,0
1791495548,0,0
1791495563,0,0
1791495578,0,0
1791495593,0,0
1791495608,0,0
1791495623,0,0
1791495638,0,0
1791495653,0,0
1791495668,0,0
1791495683,0,0
1791495698,0,0
1791495713,0,0
1791495728,0,0
1791495743,0,0
1791495758,0,0
1791495773,0,0
1791495788,0,0
1791495803,0,0
1791495818,0,0
1791495833,0,0
1791495848,0,0
1791495863,0,0
1791495878,0,0
1791495893,0,0
1791495908,0,0
1791495923,0,0
1791495938,0,0
1791495953,0,0
1791495968,0,0
1791495983,0,0
1791495998,0,0
1791496013,0,0
1791496029,0,0
1791496044,0,0
1791496059,0,0
1791496074,0,0
1791496089,0,0
1791496104,0,0
1791496119,0,0
1791496134,0,0
1791496149,0,0
1791496164,0,0
1791496179,0,0
1791496194,0,0
1791496209,0,0
1791496224,0,0
1791496239,0,0
1791496254,0,0
1791496269,0,0
1791496284,0,0
1791496299,0,0
1791496314,0,0
1791496329,0,0
1791496344,0,0
1791496359,0,0
1791496374,0,0
1791496389,0,0
1791496404,0,0
1791496419,0,0
1791496434,0,0
1791496449,0,0
1791496464,0,0
1791496479,0,0
1791496494,0,0
1791496509,0,0
1791496524,0,0
1791496539,0,0
1791496554,0,0
1791496569,0,0
1791496584,0,0
1791496599,0,0
1791496614,0,0
1791496629,0,0
1791496644,0,0
1791496659,0,0
1791496674,0,0
1791496689,0,0
1791496704,0,0
1791496719,0,0
1791496734,0,0
1791496749,0,0
1791496764,0,0
1791496779,0,0
1791496794,0,0
1791496809,0,0
1791496824,0,0
1791496839,0,0
1791496854,0,0
1791496869,0,0
1791496884,0,0
1791496899,0,0
1791496914,0,0
1791496929,0,0
1791496944,0,0
1791496959,0,0
1791496974,0,0
1791496989,0,0
1791497004,0,0
1791497019,0,0
1791497034,0,0
1791497049,0,0
1791497064,0,0
1791497079,0,0
1791497094,0,0
1791497109,0,0
1791497124,0,0
1791497139,0,0
1791497154,0,0
1791497170,0,0
1791497185,0,0
1791497200,0,0
1791497215,0,0
1791497230,0,0
1791497245,0,0
1791497260,0,0
1791497275,0,0
1791497290,0,0
1791497305,0,0
1791497320,0,0
1791497335,0,0
1791497350,0,0
1791497365,0,0
1791497380,0,0
1791497395,0,0
1791497410,0,0
1791497425,0,0
1791497440,0,0
1791497455,0,0
1791497470,0,0
1791497485,0,0
1791497500,0,0
1791497515,0,0
1791497530,0,0
1791497545,0,0
1791497560,0,0
1791497575,0,0
1791497590,0,0
1791497605,0,0
1791497620,0,0
1791497635,0,0
1791497650,0,0
1791497665,0,0
1791497680,0,0
1791497695,0,0
1791497710,0,0
1791497725,0,0
1791497740,0,0
1791497755,0,0
1791497770,0,0
1791497785,0,0
1791497800,0,0
1791497815,0,0
1791497830,0,0
1791497845,0,0
1791497860,0,0
1791497875,0,0
1791497890,0,0
1791497905,0,0
1791497920,0,0
1791497935,0,0
1791497950,0,0
1791497965,0,0
1791497980,0,0
1791497995,0,0
1791498010,0,0
1791498025,0,0
1791498040,0,0
1791498055,0,0
1791498070,0,0
1791498085,0,0
1791498100,0,0
1791498115,0,0
1791498130,0,0
1791498145,0,0
1791498160,0,0
1791498175,0,0
1791498190,0,0
1791498205,0,0
1791498220,0,0
1791498235,0,0
1791498250,0,0
1791498265,0,0
1791498280,0,0
1791498295,0,0
1791498310,0,0
1791498326,0,0
1791498341,0,0
1791498356,0,0
1791498371,0,0
1791498386,0,0
1791498401,0,0
1791498416,0,0
1791498431,0,0
1791498446,0,0
1791498461,0,0
1791498476,0,0
1791498491,0,0
1791498506,0,0
1791498521,0,0
1791498536,0,0
1791498551,0,0
1791498566,0,0
1791498581,0,0
1791498596,0,0
1791498611,0,0
1791498626,0,0
1791498641,0,0
1791498656,0,0
1791498671,0,0
1791498686,0,0
1791498701,0,0
1791498716,0,0
1791498731,0,0
1791498746,0,0
1791498761,0,0
1791498776,0,0
1791498791,0,0
1791498806,0,0
1791498821,0,0
1791498836,0,0
1791498851,0,0
1791498866,0,0
1791498881,0,0
1791498896,0,0
1791498911,0,0
1791498926,0,0
1791498941,0,0
1791498956,0,0
1791498971,0,0
1791498986,0,0
1791499001,0,0
1791499016,0,0
1791499031,0,0
1791499046,0,0
1791499061,0,0
1791499076,0,0
1791499091,0,0
1791499106,0,0
1791499121,0,0
1791499136,0,0
1791499151,0,0
1791499166,0,0
1791499181,0,0
1791499196,0,0
1791499211,0,0
1791499226,0,0
1791499241,0,0
1791499256,0,0
1791499271,0,0
1791499286,0,0
1791499301,0,0
1791499316,0,0
1791499331,0,0
1791499346,0,0
1791499361,0,0
1791499376,0,0
1791499391,0,0
1791499406,0,0
1791499421,0,0
1791499436,0,0
1791499451,0,0
1791499466,0,0
1791499481,0,0
1791499497,0,0
1791499512,0,0
1791499527,0,0
1791499542,0,0
1791499557,0,0
1791499572,0,0
1791499587,0,0
1791499602,0,0
1791499617,0,0
1791499632,0,0
1791499647,0,0
1791499662,0,0
1791499677,0,0
1791499692,0,0
1791499707,0,0
1791499722,0,0
1791499737,0,0
1791499752,0,0
1791499767,0,0
1791499782,0,0
1791499797,0,0
1791499812,0,0
1791499827,0,0
1791499842,0,0
1791499857,0,0
1791499872,0,0
1791499887,0,0
1791499902,0,0
1791499917,0,0
1791499932,0,0
1791499947,0,0
1791499962,0,0
1791499977,0,0
1791499992,0,0
1791500007,0,0
1791500022,0,0
1791500037,0,0
1791500052,0,0
1791500067,0,0
1791500082,0,0
1791500097,0,0
1791500112,0,0
1791500127,0,0
1791500142,0,0
1791500157,0,0
1791500172,0,0
1791500187,0,0
1791500202,0,0
1791500217,0,0
1791500232,0,0
1791500247,0,0
1791500262,0,0
1791500277,0,0
1791500292,0,0
1791500307,0,0
1791500322,0,0
1791500337,0,0
1791500352,0,0
1791500367,0,0
1791500382,0,0
1791500397,0,0
1791500412,0,0
1791500427,0,0
1791500442,0,0
1791500457,0,0
1791500472,0,0
1791500487,0,0
1791500502,0,0
1791500517,0,0
1791500532,0,0
1791500547,0,0
1791500562,0,0
1791500577,0,0
1791500592,0,0
1791500607,0,0
1791500622,0,0
1791500637,0,0
1791500653,0,0
1791500668,0,0
1791500683,0,0
1791500698,0,0
1791500713,0,0
1791500728,0,0
1791500743,0,0
1791500758,0,0
1791500773,0,0
1791500788,0,0
1791500803,0,0
1791500818,0,0
1791500833,0,0
1791500848,0,0
1791500863,0,0
1791500878,0,0
1791500893,0,0
1791500908,0,0
1791500923,0,0
1791500938,0,0
1791500953,0,0
1791500968,0,0
1791500983,0,0
1791500998,0,0
1791501013,0,0
1791501028,0,0
1791501043,0,0
1791501058,0,0
1791501073,0,0
1791501088,0,0
1791501103,0,0
1791501118,0,0
1791501133,0,0
1791501148,0,0
1791501163,0,0
1791501178,0,0
1791501193,0,0
1791501208,0,0
1791501223,0,0
1791501238,0,0
1791501253,0,0
1791501268,0,0
1791501283,0,0
1791501298,0,0
1791501313,0,0
1791501328,0,0
1791501343,0,0
1791501358,0,0
1791501373,0,0
1791501388,0,0
1791501403,0,0
1791501418,0,0
1791501433,0,0
1791501448,0,0
1791501463,0,0
1791501478,0,0
1791501493,0,0
1791501508,0,0
1791501523,0,0
1791501538,0,0
1791501553,0,0
1791501568,0,0
1791501583,0,0
1791501598,0,0
1791501613,0,0
1791501628,0,0
1791501643,0,0
1791501658,0,0
1791501673,0,0
1791501688,0,0
1791501703,0,0
1791501718,0,0
1791501733,0,0
1791501748,0,0
1791501763,0,0
1791501778,0,0
1791501793,0,0
1791501809,0,0
1791501824,0,0
1791501839,0,0
1791501854,0,0
1791501869,0,0
1791501884,0,0
1791501899,0,0
1791501914,0,0
1791501929,0,0
1791501944,0,0
1791501959,0,0
1791501974,0,0
1791501989,0,0
1791502004,0,0
1791502019,0,0
1791502034,0,0
1791502049,0,0
1791502064,0,0
1791502079,0,0
1791502094,0,0
1791502109,0,0
1791502124,0,0
1791502139,0,0
1791502154,0,0
1791502169,0,0
1791502184,0,0
1791502199,0,0
1791502214,0,0
1791502229,0,0
1791502244,0,0
1791502259,0,0
1791502274,0,0
1791502289,0,0
1791502304,0,0
1791502319,0,0
1791502334,0,0
1791502349,0,0
1791502364,0,0
1791502379,0,0
1791502394,0,0
1791502409,0,0
1791502424,0,0
1791502439,0,0
1791502454,0,0
1791502469,0,0
1791502484,0,0
1791502499,0,0
1791502514,0,0
1791502529,0,0
1791502544,0,0
1791502559,0,0
1791502574,0,0
1791502589,0,0
1791502604,0,0
1791502619,0,0
1791502634,0,0
1791502649,0,0
1791502664,0,0
1791502679,0,0
1791502694,0,0
1791502709,0,0
1791502724,0,0
1791502739,0,0
1791502754,0,0
1791502769,0,0
1791502784,0,0
1791502799,0,0
1791502814,0,0
1791502829,0,0
1791502844,0,0
1791502859,0,0
1791502874,0,0
1791502889,0,0
1791502904,0,0
1791502919,0,0
1791502934,0,0
1791502949,0,0
1791502964,0,0
1791502980,0,0
1791502995,0,0
1791503010,0,0
1791503025,0,0
1791503040,0,0
1791503055,0,0
1791503070,0,0
1791503085,0,0
1791503100,0,0
1791503115,0,0
1791503130,0,0
1791503145,0,0
1791503160,0,0
1791503175,0,0
1791503190,0,0
1791503205,0,0
1791503220,0,0
1791503235,0,0
1791503250,0,0
1791503265,0,0
1791503280,0,0
1791503295,0,0
1791503310,0,0
1791503325,0,0
1791503340,0,0
1791503355,0,0
1791503370,0,0
1791503385,0,0
1791503400,0,0
1791503415,0,0
1791503430,0,0
1791503445,0,0
1791503460,0,0
1791503475,0,0
1791503490,0,0
1791503505,0,0
1791503520,0,0
1791503535,0,0
1791503550,0,0
1791503565,0,0
1791503580,0,0
1791503595,0,0
1791503610,0,0
1791503625,0,0
1791503640,0,0
1791503655,0,0
1791503670,0,0
1791503685,0,0
1791503700,0,0
1791503715,0,0
1791503730,0,0
1791503745,0,0
1791503760,0,0
1791503775,0,0
1791503790,0,0
1791503805,0,0
1791503820,0,0
1791503835,0,0
1791503850,0,0
1791503865,0,0
1791503880,0,0
1791503895,0,0
1791503910,0,0
1791503925,0,0
1791503940,0,0
1791503955,0,0
1791503970,0,0
1791503985,0,0
1791504000,0,0
1791504015,0,0
1791504030,0,0
1791504045,0,0
1791504060,0,0
1791504075,0,0
1791504090,0,0
1791504105,0,0
1791504120,0,0
1791504136,0,0
1791504151,0,0
1791504166,0,0
1791504181,0,0
1791504196,0,0
1791504211,0,0
1791504226,0,0
1791504241,0,0
1791504256,0,0
1791504271,0,0
1791504286,0,0
1791504301,0,0
1791504316,0,0
1791504331,0,0
1791504346,0,0
1791504361,0,0
1791504376,0,0
1791504391,0,0
1791504406,0,0
1791504421,0,0
1791504436,0,0
1791504451,0,0
1791504466,0,0
1791504481,0,0
1791504496,0,0
1791504511,0,0
1791504526,0,0
1791504541,0,0
1791504556,0,0
1791504571,0,0
1791504586,0,0
1791504601,0,0
1791504616,0,0
1791504631,0,0
1791504646,0,0
1791504661,0,0
1791504676,0,0
1791504691,0,0
1791504706,0,0
1791504721,0,0
1791504736,0,0
1791504751,0,0
1791504766,0,0
1791504781,0,0
1791504796,0,0
1791504811,0,0
1791504826,0,0
1791504841,0,0
1791504856,0,0
1791504871,0,0
1791504886,0,0
1791504901,0,0
1791504916,0,0
1791504931,0,0
1791504946,0,0
1791504961,0,0
1791504976,0,0
1791504991,0,0
1791505006,0,0
1791505021,0,0
1791505036,0,0
1791505051,0,0
1791505066,0,0
1791505081,0,0
1791505096,0,0
1791505111,0,0
1791505126,0,0
1791505141,0,0
1791505156,0,0
1791505171,0,0
1791505186,0,0
1791505201,0,0
1791505216,0,0
1791505231,0,0
1791505246,0,0
1791505261,0,0
1791505276,0,0
1791505291,0,0
1791505307,0,0
1791505322,0,0
1791505337,0,0
1791505352,0,0
1791505367,0,0
1791505382,0,0
1791505397,0,0
1791505412,0,0
1791505427,0,0
1791505442,0,0
1791505457,0,0
1791505472,0,0
1791505487,0,0
1791505502,0,0
1791505517,0,0
1791505532,0,0
1791505547,0,0
1791505562,0,0
1791505577,0,0
1791505592,0,0
1791505607,0,0
1791505622,0,0
1791505637,0,0
1791505652,0,0
1791505667,0,0
1791505682,0,0
1791505697,0,0
1791505712,0,0
1791505727,0,0
1791505742,0,0
1791505757,0,0
1791505772,0,0
1791505787,0,0
1791505802,0,0
1791505817,0,0
1791505832,0,0
1791505847,0,0
1791505862,0,0
1791505877,0,0
1791505892,0,0
1791505907,0,0
1791505922,0,0
1791505937,0,0
1791505952,0,0
1791505967,0,0
1791505982,0,0
1791505997,0,0
1791506012,0,0
1791506027,0,0
1791506042,0,0
1791506057,0,0
1791506072,0,0
1791506087,0,0
1791506102,0,0
1791506117,0,0
1791506132,0,0
1791506147,0,0
1791506162,0,0
1791506177,0,0
1791506192,0,0
1791506207,0,0
1791506222,0,0
1791506237,0,0
1791506252,0,0
1791506267,0,0
1791506282,0,0
1791506297,0,0
1791506312,0,0
1791506327,0,0
1791506342,0,0
1791506357,0,0
1791506372,0,0
1791506387,0,0
1791506402,0,0
1791506417,0,0
1791506432,0,0
1791506447,0,0
1791506462,0,0
1791506478,0,0
1791506493,0,0
1791506508,0,0
1791506523,0,0
1791506538,0,0
1791506553,0,0
1791506568,0,0
1791506583,0,0
1791506598,0,0
1791506613,0,0
1791506628,0,0
1791506643,0,0
1791506658,0,0
1791506673,0,0
1791506688,0,0
1791506703,0,0
1791506718,0,0
1791506733,0,0
1791506748,0,0
1791506763,0,0
1791506778,0,0
1791506793,0,0
1791506808,0,0
1791506823,0,0
1791506838,0,0
1791506853,0,0
1791506868,0,0
1791506883,0,0
1791506898,0,0
1791506913,0,0
1791506928,0,0
1791506943,0,0
1791506958,0,0
1791506973,0,0
1791506988,0,0
1791507003,0,0
1791507018,0,0
1791507033,0,0
1791507048,0,0
1791507063,0,0
1791507078,0,0
1791507093,0,0
1791507108,0,0
1791507123,0,0
1791507138,0,0
1791507153,0,0
1791507168,0,0
1791507183,0,0
1791507198,0,0
1791507213,0,0
1791507228,0,0
1791507243,0,0
1791507258,0,0
1791507273,0,0
1791507288,0,0
1791507303,0,0
1791507318,0,0
1791507333,0,0
1791507348,0,0
1791507363,0,0
1791507378,0,0
1791507393,0,0
1791507408,0,0
1791507423,0,0
1791507438,0,0
1791507453,0,0
1791507468,0,0
1791507483,0,0
1791507498,0,0
1791507513,0,0
1791507528,0,0
1791507543,0,0
1791507558,0,0
1791507573,0,0
1791507588,0,0
1791507604,0,0
1791507619,0,0
1791507634,0,0
1791507649,0,0
1791507664,0,0
1791507679,0,0
1791507694,0,0
1791507709,0,0
1791507724,0,0
1791507739,0,0
1791507754,0,0
1791507769,0,0
1791507784,0,0
1791507799,0,0
1791507814,0,0
1791507829,0,0
1791507844,0,0
1791507859,0,0
1791507874,0,0
1791507889,0,0
1791507904,0,0
1791507919,0,0
1791507934,0,0
1791507949,0,0
1791507964,0,0
1791507979,0,0
1791507994,0,0
1791508009,0,0
1791508024,0,0
1791508039,0,0
1791508054,0,0
1791508069,0,0
1791508084,0,0
1791508099,0,0
1791508114,0,0
1791508129,0,0
1791508144,0,0
1791508159,0,0
1791508174,0,0
1791508189,0,0
1791508204,0,0
1791508219,0,0
1791508234,0,0
1791508249,0,0
1791508264,0,0
1791508279,0,0
1791508294,0,0
1791508309,0,0
1791508324,0,0
1791508339,0,0
1791508354,0,0
1791508369,0,0
1791508384,0,0
1791508399,0,0
1791508414,0,0
1791508429,0,0
1791508444,0,0
1791508459,0,0
1791508474,0,0
1791508489,0,0
1791508504,0,0
1791508519,0,0
1791508534,0,0
1791508549,0,0
1791508564,0,0
1791508579,0,0
1791508594,0,0
1791508609,0,0
1791508624,0,0
1791508639,0,0
1791508654,0,0
1791508669,0,0
1791508684,0,0
1791508699,0,0
1791508714,0,0
1791508729,0,0
1791508745,0,0
1791508760,0,0
1791508775,0,0
1791508790,0,0
1791508805,0,0
1791508820,0,0
1791508835,0,0
1791508850,0,0
1791508865,0,0
1791508880,0,0
1791508895,0,0
1791508910,0,0
1791508925,0,0
1791508940,0,0
1791508955,0,0
1791508970,0,0
1791508985,0,0
1791509000,0,0
1791509015,0,0
1791509030,0,0
1791509045,0,0
1791509060,0,0
1791509075,0,0
1791509090,0,0
1791509105,0,0
1791509120,0,0
1791509135,0,0
1791509150,0,0
1791509165,0,0
1791509180,0,0
1791509195,0,0
1791509210,0,0
1791509225,0,0
1791509240,0,0
1791509255,0,0
1791509270,0,0
1791509285,0,0
1791509300,0,0
1791509315,0,0
1791509330,0,0
1791509345,0,0
1791509360,0,0
1791509375,0,0
1791509390,0,0
1791509405,0,0
1791509420,0,0
1791509435,0,0
1791509450,0,0
1791509465,0,0
1791509480,0,0
1791509495,0,0
1791509510,0,0
1791509525,0,0
1791509540,0,0
1791509555,0,0
1791509570,0,0
1791509585,0,0
1791509600,0,0
1791509615,0,0
1791509630,0,0
1791509645,0,0
1791509660,0,0
1791509675,0,0
1791509690,0,0
1791509705,0,0
1791509720,0,0
1791509735,0,0
1791509750,0,0
1791509765,0,0
1791509780,0,0
1791509795,0,0
1791509810,0,0
1791509825,0,0
1791509840,0,0
1791509856,0,0
1791509871,0,0
1791509886,0,0
1791509901,0,0
1791509916,0,0
1791509931,0,0
1791509946,0,0
1791509961,0,0
1791509976,0,0
1791509991,0,0
1791510006,0,0
1791510021,0,0
1791510036,0,0
1791510051,0,0
1791510066,0,0
1791510081,0,0
1791510096,0,0
1791510111,0,0
1791510126,0,0
1791510141,0,0
1791510156,0,0
1791510171,0,0
1791510186,0,0
1791510201,0,0
1791510216,0,0
1791510231,0,0
1791510246,0,0
1791510261,0,0
1791510276,0,0
1791510291,0,0
1791510306,0,0
1791510321,0,0
1791510336,0,0
1791510351,0,0
1791510366,0,0
1791510381,0,0
1791510396,0,0
1791510411,0,0
1791510426,0,0
1791510441,0,0
1791510456,0,0
1791510471,0,0
1791510486,0,0
1791510501,0,0
1791510516,0,0
1791510531,0,0
1791510546,0,0
1791510561,0,0
1791510576,0,0
1791510591,0,0
1791510606,0,0
1791510621,0,0
1791510636,0,0
1791510651,0,0
1791510666,0,0
1791510681,0,0
1791510696,0,0
1791510711,0,0
1791510726,0,0
1791510741,0,0
1791510756,0,0
1791510771,0,0
1791510786,0,0
1791510801,0,0
1791510816,0,0
1791510831,0,0
1791510846,0,0
1791510861,0,0
1791510876,0,0
1791510891,0,0
1791510906,0,0
1791510921,0,0
1791510936,0,0
1791510951,0,0
1791510966,0,0
1791510982,0,0
1791510997,0,0
1791511012,0,0
1791511027,0,0
1791511042,0,0
1791511057,0,0
1791511072,0,0
1791511087,0,0
1791511102,0,0
1791511117,0,0
1791511132,0,0
1791511147,0,0
1791511162,0,0
1791511177,0,0
1791511192,0,0
1791511207,0,0
1791511222,0,0
1791511237,0,0
1791511252,0,0
1791511267,0,0
1791511282,0,0
1791511297,0,0
1791511312,0,0
1791511327,0,0
1791511342,0,0
1791511357,0,0
1791511372,0,0
1791511387,0,0
1791511402,0,0
1791511417,0,0
1791511432,0,0
1791511447,0,0
1791511462,0,0
1791511477,0,0
1791511492,0,0
1791511507,0,0
1791511522,0,0
1791511537,0,0
1791511552,0,0
1791511567,0,0
1791511582,0,0
1791511597,0,0
1791511612,0,0
1791511627,0,0
1791511642,0,0
1791511657,0,0
1791511672,0,0
1791511687,0,0
1791511702,0,0
1791511717,0,0
1791511732,0,0
1791511747,0,0
1791511762,0,0
1791511777,0,0
1791511792,0,0
1791511807,0,0
1791511822,0,0
1791511837,0,0
1791511852,0,0
1791511867,0,0
1791511882,0,0
1791511897,0,0
1791511912,0,0
1791511927,0,0
1791511942,0,0
1791511957,0,0
1791511972,0,0
1791511987,0,0
1791512002,0,0
1791512017,0,0
1791512032,0,0
1791512047,0,0
1791512062,0,0
1791512077,0,0
1791512092,0,0
1791512107,0,0
1791512122,0,0
1791512138,0,0
1791512153,0,0
1791512168,0,0
1791512183,0,0
1791512198,0,0
1791512213,0,0
1791512228,0,0
1791512243,0,0
1791512258,0,0
1791512273,0,0
1791512288,0,0
1791512303,0,0
1791512318,0,0
1791512333,0,0
1791512348,0,0
1791512363,0,0
1791512378,0,0
1791512393,0,0
1791512408,0,0
1791512423,0,0
1791512438,0,0
1791512453,0,0
1791512468,0,0
1791512483,0,0
1791512498,0,0
1791512513,0,0
1791512528,0,0
1791512543,0,0
1791512558,0,0
1791512573,0,0
1791512588,0,0
1791512603,0,0
1791512618,0,0
1791512633,0,0
1791512648,0,0
1791512663,0,0
1791512678,0,0
1791512693,0,0
1791512708,0,0
1791512723,0,0
1791512738,0,0
1791512753,0,0
1791512768,0,0
1791512783,0,0
1791512798,0,0
1791512813,0,0
1791512828,0,0
1791512843,0,0
1791512858,0,0
1791512873,0,0
1791512888,0,0
1791512903,0,0
1791512918,0,0
1791512933,0,0
1791512948,0,0
1791512963,0,0
1791512978,0,0
1791512993,0,0
1791513008,0,0
1791513023,0,0
1791513038,0,0
1791513053,0,0
1791513068,0,0
1791513083,0,0
1791513098,0,0
1791513113,0,0
1791513128,0,0
1791513143,0,0
1791513158,0,0
1791513173,0,0
1791513188,0,0
1791513203,0,0
1791513218,0,0
1791513233,0,0
1791513248,0,0
1791513263,0,0
1791513279,0,0
1791513294,0,0
1791513309,0,0
1791513324,0,0
1791513339,0,0
1791513354,0,0
1791513369,0,0
1791513384,0,0
1791513399,0,0
1791513414,0,0
1791513429,0,0
1791513444,0,0
1791513459,0,0
1791513474,0,0
1791513489,0,0
1791513504,0,0
1791513519,0,0
1791513534,0,0
1791513549,0,0
1791513564,0,0
1791513579,0,0
1791513594,0,0
1791513609,0,0
1791513624,0,0
1791513639,0,0
1791513654,0,0
1791513669,0,0
1791513684,0,0
1791513699,0,0
1791513714,0,0
1791513729,0,0
1791513744,0,0
1791513759,0,0
1791513774,0,0
1791513789,0,0
1791513804,0,0
1791513819,0,0
1791513834,0,0
1791513849,0,0
1791513864,0,0
1791513879,0,0
1791513894,0,0
1791513909,0,0
1791513924,0,0
1791513939,0,0
1791513954,0,0
1791513969,0,0
1791513984,0,0
1791513999,0,0
1791514014,0,0
1791514029,0,0
1791514044,0,0
1791514059,0,0
1791514074,0,0
1791514089,0,0
1791514104,0,0
1791514119,0,0
1791514134,0,0
1791514149,0,0
1791514164,0,0
1791514179,0,0
1791514194,0,0
1791514209,0,0
1791514224,0,0
1791514239,0,0
1791514254,0,0
1791514269,0,0
1791514284,0,0
1791514299,0,0
1791514314,0,0
1791514329,0,0
1791514344,0,0
1791514359,0,0
1791514374,0,0
1791514389,0,0
1791514404,0,0
1791514419,0,0
1791514434,0,0
1791514450,0,0
1791514465,0,0
1791514480,0,0
1791514495,0,0
1791514510,0,0
1791514525,0,0
1791514540,0,0
1791514555,0,0
1791514570,0,0
1791514585,0,0
1791514600,0,0
1791514615,0,0
1791514630,0,0
1791514645,0,0
1791514660,0,0
1791514675,0,0
1791514690,0,0
1791514705,0,0
1791514720,0,0
1791514735,0,0
1791514750,0,0
1791514765,0,0
1791514780,0,0
1791514795,0,0
1791514810,0,0
1791514825,0,0
1791514840,0,0
1791514855,0,0
1791514870,0,0
1791514885,0,0
1791514900,0,0
1791514915,0,0
1791514930,0,0
1791514945,0,0
1791514960,0,0
1791514975,0,0
1791514990,0,0
1791515005,0,0
1791515020,0,0
1791515035,0,0
1791515050,0,0
1791515065,0,0
1791515080,0,0
1791515095,0,0
1791515110,0,0
1791515125,0,0
1791515140,0,0
1791515155,0,0
1791515170,0,0
1791515185,0,0
1791515200,0,0
1791515215,0,0
1791515230,0,0
1791515245,0,0
1791515260,0,0
1791515275,0,0
1791515290,0,0
1791515305,0,0
1791515320,0,0
1791515335,0,0
1791515350,0,0
1791515365,0,0
1791515380,0,0
1791515395,0,0
1791515410,0,0
1791515425,0,0
1791515440,0,0
1791515455,0,0
1791515470,0,0
1791515485,0,0
1791515500,0,0
1791515515,0,0
1791515530,0,0
1791515545,0,0
1791515560,0,0
1791515575,0,0
1791515590,0,0
1791515605,0,0
1791515621,0,0
1791515636,0,0
1791515651,0,0
1791515666,0,0
1791515681,0,0
1791515696,0,0
1791515711,0,0
1791515726,0,0
1791515741,0,0
1791515756,0,0
1791515771,0,0
1791515786,0,0
1791515801,0,0
1791515816,0,0
1791515831,0,0
1791515846,0,0
1791515861,0,0
1791515876,0,0
1791515891,0,0
1791515906,0,0
1791515921,0,0
1791515936,0,0
1791515951,0,0
1791515966,0,0
1791515981,0,0
1791515996,0,0
1791516011,0,0
1791516026,0,0
1791516041,0,0
1791516056,0,0
1791516071,0,0
1791516086,0,0
1791516101,0,0
1791516116,0,0
1791516131,0,0
1791516146,0,0
1791516161,0,0
1791516176,0,0
1791516191,0,0
1791516206,0,0
1791516221,0,0
1791516236,0,0
1791516251,0,0
1791516266,0,0
1791516281,0,0
1791516296,0,0
1791516311,0,0
1791516326,0,0
1791516341,0,0
1791516356,0,0
1791516371,0,0
1791516386,0,0
1791516401,0,0
1791516416,0,0
1791516431,0,0
1791516446,0,0
1791516461,0,0
1791516476,0,0
1791516491,0,0
1791516506,0,0
1791516521,0,0
1791516536,0,0
1791516551,0,0
1791516566,0,0
1791516581,0,0
1791516596,0,0
1791516611,0,0
1791516626,0,0
1791516641,0,0
1791516656,0,0
1791516671,0,0
1791516686,0,0
1791516701,0,0
1791516716,0,0
1791516731,0,0
1791516747,0,0
1791516762,0,0
1791516777,0,0
1791516792,0,0
1791516807,0,0
1791516822,0,0
1791516837,0,0
1791516852,0,0
1791516867,0,0
1791516882,0,0
1791516897,0,0
1791516912,0,0
1791516927,0,0
1791516942,0,0
1791516957,0,0
1791516972,0,0
1791516987,0,0
1791517002,0,0
1791517017,0,0
1791517032,0,0
1791517047,0,0
1791517062,0,0
1791517077,0,0
1791517092,0,0
1791517107,0,0
1791517122,0,0
1791517137,0,0
1791517152,0,0
1791517167,0,0
1791517182,0,0
1791517197,0,0
1791517212,0,0
1791517227,0,0
1791517242,0,0
1791517257,0,0
1791517272,0,0
1791517287,0,0
1791517302,0,0
1791517317,0,0
1791517332,0,0
1791517347,0,0
1791517362,0,0
1791517377,0,0
1791517392,0,0
1791517407,0,0
1791517422,0,0
1791517437,0,0
1791517452,0,0
1791517467,0,0
1791517482,0,0
1791517497,0,0
1791517512,0,0
1791517527,0,0
1791517542,0,0
1791517557,0,0
1791517572,0,0
1791517587,0,0
1791517602,0,0
1791517617,0,0
1791517632,0,0
1791517647,0,0
1791517662,0,0
1791517677,0,0
1791517692,0,0
1791517707,0,0
1791517722,0,0
1791517737,0,0
1791517752,0,0
1791517767,0,0
1791517782,0,0
1791517797,0,0
1791517812,0,0
1791517827,0,0
1791517842,0,0
1791517858,0,0
1791517873,0,0
1791517888,0,0
1791517903,0,0
1791517918,0,0
1791517933,0,0
1791517948,0,0
1791517963,0,0
1791517978,0,0
1791517993,0,0
1791518008,0,0
1791518023,0,0
1791518038,0,0
1791518053,0,0
1791518068,0,0
1791518083,0,0
1791518098,0,0
1791518113,0,0
1791518128,0,0
1791518143,0,0
1791518158,0,0
1791518173,0,0
1791518188,0,0
1791518203,0,0
1791518218,0,0
1791518233,0,0
1791518248,0,0
1791518263,0,0
1791518278,0,0
1791518293,0,0
1791518308,0,0
1791518323,0,0
1791518338,0,0
1791518353,0,0
1791518368,0,0
1791518383,0,0
1791518398,0,0
1791518413,0,0
1791518428,0,0
1791518443,0,0
1791518458,0,0
1791518473,0,0
1791518488,0,0
1791518503,0,0
1791518518,0,0
1791518533,0,0
1791518548,0,0
1791518563,0,0
1791518578,0,0
1791518593,0,0
1791518608,0,0
1791518623,0,0
1791518638,0,0
1791518653,0,0
1791518668,0,0
1791518683,0,0
1791518698,0,0
1791518713,0,0
1791518728,0,0
1791518743,0,0
1791518758,0,0
1791518773,0,0
1791518788,0,0
1791518803,0,0
1791518818,0,0
1791518833,0,0
1791518848,0,0
1791518863,0,0
1791518878,0,0
1791518893,0,0
1791518908,0,0
1791518923,0,0
1791518938,0,0
1791518953,0,0
1791518969,0,0
1791518984,0,0
1791518999,0,0
1791519014,0,0
1791519029,0,0
1791519044,0,0
1791519059,0,0
1791519074,0,0
1791519089,0,0
1791519104,0,0
1791519119,0,0
1791519134,0,0
1791519149,0,0
1791519164,0,0
1791519179,0,0
1791519194,0,0
1791519209,0,0
1791519224,0,0
1791519239,0,0
1791519254,0,0
1791519269,0,0
1791519284,0,0
1791519299,0,0
1791519314,0,0
1791519329,0,0
1791519344,0,0
1791519359,0,0
1791519374,0,0
1791519389,0,0
1791519404,0,0
1791519419,0,0
1791519434,0,0
1791519449,0,0
1791519464,0,0
1791519479,0,0
1791519494,0,0
1791519509,0,0
1791519524,0,0
1791519539,0,0
1791519554,0,0
1791519569,0,0
1791519584,0,0
1791519599,0,0
1791519614,0,0
1791519629,0,0
1791519644,0,0
1791519659,0,0
1791519674,0,0
1791519689,0,0
1791519704,0,0
1791519719,0,0
1791519734,0,0
1791519749,0,0
1791519764,0,0
1791519779,0,0
1791519794,0,0
1791519809,0,0
1791519824,0,0
1791519839,0,0
1791519854,0,0
1791519869,0,0
1791519884,0,0
1791519899,0,0
1791519914,0,0
1791519929,0,0
1791519944,0,0
1791519959,0,0
1791519974,0,0
1791519989,0,0
1791520004,0,0
1791520019,0,0
1791520034,0,0
1791520049,0,0
1791520064,0,0
1791520079,0,0
1791520094,0,0
1791520109,0,0
1791520125,0,0
1791520140,0,0
1791520155,0,0
1791520170,0,0
1791520185,0,0
1791520200,0,0
1791520215,0,0
1791520230,0,0
1791520245,0,0
1791520260,0,0
1791520275,0,0
1791520290,0,0
1791520305,0,0
1791520320,0,0
1791520335,0,0
1791520350,0,0
1791520365,0,0
1791520380,0,0
1791520395,0,0
1791520410,0,0
1791520425,0,0
1791520440,0,0
1791520455,0,0
1791520470,0,0
1791520485,0,0
1791520500,0,0
1791520515,0,0
1791520530,0,0
1791520545,0,0
1791520560,0,0
1791520575,0,0
1791520590,0,0
1791520605,0,0
1791520620,0,0
1791520635,0,0
1791520650,0,0
1791520665,0,0
1791520680,0,0
1791520695,0,0
1791520710,0,0
1791520725,0,0
1791520740,0,0
1791520755,0,0
1791520770,0,0
1791520785,0,0
1791520800,0,0
1791520815,0,0
1791520830,0,0
1791520845,0,0
1791520860,0,0
1791520875,0,0
1791520890,0,0
1791520905,0,0
1791520920,0,0
1791520935,0,0
1791520950,0,0
1791520965,0,0
1791520980,0,0
1791520995,0,0
1791521010,0,0
1791521025,0,0
1791521040,0,0
1791521055,0,0
1791521070,0,0
1791521085,0,0
1791521100,0,0
1791521115,0,0
1791521130,0,0
1791521145,0,0
1791521160,0,0
1791521175,0,0
1791521190,0,0
1791521205,0,0
1791521220,0,0
1791521235,0,0
1791521251,0,0
1791521266,0,0
1791521281,0,0
1791521296,0,0
1791521311,0,0
1791521326,0,0
1791521341,0,0
1791521356,0,0
1791521371,0,0
1791521386,0,0
1791521401,0,0
1791521416,0,0
1791521431,0,0
1791521446,0,0
1791521461,0,0
1791521476,0,0
1791521491,0,0
1791521506,0,0
1791521521,0,0
1791521536,0,0
1791521551,0,0
1791521566,0,0
1791521581,0,0
1791521596,0,0
1791521611,0,0
1791521626,0,0
1791521641,0,0
1791521656,0,0
1791521671,0,0
1791521686,0,0
1791521701,0,0
1791521716,0,0
1791521731,0,0
1791521746,0,0
1791521761,0,0
1791521776,0,0
1791521791,0,0
1791521806,0,0
1791521821,0,0
1791521836,0,0
1791521851,0,0
1791521866,0,0
1791521881,0,0
1791521896,0,0
1791521911,0,0
1791521926,0,0
1791521941,0,0
1791521956,0,0
1791521971,0,0
1791521986,0,0
1791522001,0,0
1791522016,0,0
1791522031,0,0
1791522046,0,0
1791522061,0,0
1791522076,0,0
1791522091,0,0
1791522106,0,0
1791522121,0,0
1791522136,0,0
1791522151,0,0
1791522166,0,0
1791522181,0,0
1791522196,0,0
1791522211,0,0
1791522226,0,0
1791522241,0,0
1791522256,0,0
1791522271,0,0
1791522286,0,0
1791522301,0,0
1791522316,0,0
1791522331,0,0
1791522346,0,0
1791522361,0,0
1791522377,0,0
1791522392,0,0
1791522407,0,0
1791522422,0,0
1791522437,0,0
1791522452,0,0
1791522467,0,0
1791522482,0,0
1791522497,0,0
1791522512,0,0
1791522527,0,0
1791522542,0,0
1791522557,0,0
1791522572,0,0
1791522587,0,0
1791522602,0,0
1791522617,0,0
1791522632,0,0
1791522647,0,0
1791522662,0,0
1791522677,0,0
1791522692,0,0
1791522707,0,0
1791522722,0,0
1791522737,0,0
1791522752,0,0
1791522767,0,0
1791522782,0,0
1791522797,0,0
1791522812,0,0
1791522827,0,0
1791522842,0,0
1791522857,0,0
1791522872,0,0
1791522887,0,0
1791522902,0,0
1791522917,0,0
1791522932,0,0
1791522947,0,0
1791522962,0,0
1791522977,0,0
1791522992,0,0
1791523007,0,0
1791523022,0,0
1791523037,0,0
1791523052,0,0
1791523067,0,0
1791523082,0,0
1791523097,0,0
1791523112,0,0
1791523127,0,0
1791523142,0,0
1791523157,0,0
1791523172,0,0
1791523187,0,0
1791523202,0,0
1791523217,0,0
1791523232,0,0
1791523247,0,0
1791523262,0,0
1791523277,0,0
1791523292,0,0
1791523307,0,0
1791523322,0,0
1791523337,0,0
1791523352,0,0
1791523367,0,0
1791523382,0,0
1791523397,0,0
1791523412,0,0
1791523427,0,0
1791523442,0,0
1791523457,0,0
1791523472,0,0
1791523488,0,0
1791523503,0,0
1791523518,0,0
1791523533,0,0
1791523548,0,0
1791523563,0,0
1791523578,0,0
1791523593,0,0
1791523608,0,0
1791523623,0,0
1791523638,0,0
1791523653,0,0
1791523668,0,0
1791523683,0,0
1791523698,0,0
1791523713,0,0
1791523728,0,0
1791523743,0,0
1791523758,0,0
1791523773,0,0
1791523788,0,0
1791523803,0,0
1791523818,0,0
1791523833,0,0
1791523848,0,0
1791523863,0,0
1791523878,0,0
1791523893,0,0
1791523908,0,0
1791523923,0,0
1791523938,0,0
1791523953,0,0
1791523968,0,0
1791523983,0,0
1791523998,0,0
1791524013,0,0
1791524028,0,0
1791524043,0,0
1791524058,0,0
1791524073,0,0
1791524088,0,0
1791524103,0,0
1791524118,0,0
1791524133,0,0
1791524148,0,0
1791524163,0,0
1791524178,0,0
1791524193,0,0
1791524208,0,0
1791524223,0,0
1791524238,0,0
1791524253,0,0
1791524268,0,0
1791524283,0,0
1791524298,0,0
1791524313,0,0
1791524328,0,0
1791524343,0,0
1791524358,0,0
1791524373,0,0
1791524388,0,0
1791524403,0,0
1791524418,0,0
1791524433,0,0
1791524448,0,0
1791524463,0,0
1791524478,0,0
1791524493,0,0
1791524508,0,0
1791524523,0,0
1791524538,0,0
1791524553,0,0
1791524568,0,0
1791524583,0,0
1791524598,0,0
1791524614,0,0
1791524629,0,0
1791524644,0,0
1791524659,0,0
1791524674,0,0
1791524689,0,0
1791524704,0,0
1791524719,0,0
1791524734,0,0
1791524749,0,0
1791524764,0,0
1791524779,0,0
1791524794,0,0
1791524809,0,0
1791524824,0,0
1791524839,0,0
1791524854,0,0
1791524869,0,0
1791524884,0,0
1791524899,0,0
1791524914,0,0
1791524929,0,0
1791524944,0,0
1791524959,0,0
1791524974,0,0
1791524989,0,0
1791525004,0,0
1791525019,0,0
1791525034,0,0
1791525049,0,0
1791525064,0,0
1791525079,0,0
1791525094,0,0
1791525109,0,0
1791525124,0,0
1791525139,0,0
1791525154,0,0
1791525169,0,0
1791525184,0,0
1791525199,0,0
1791525214,0,0
1791525229,0,0
1791525244,0,0
1791525259,0,0
1791525274,0,0
1791525289,0,0
1791525304,0,0
1791525319,0,0
1791525334,0,0
1791525349,0,0
1791525364,0,0
1791525379,0,0
1791525394,0,0
1791525409,0,0
1791525424,0,0
1791525439,0,0
1791525454,0,0
1791525469,0,0
1791525484,0,0
1791525499,0,0
1791525514,0,0
1791525529,0,0
1791525544,0,0
1791525559,0,0
1791525574,0,0
1791525589,0,0
1791525604,0,0
1791525619,0,0
1791525634,0,0
1791525649,0,0
1791525664,0,0
1791525679,0,0
1791525694,0,0
1791525709,0,0
1791525724,0,0
1791525739,0,0
1791525755,0,0
1791525770,0,0
1791525785,0,0
1791525800,0,0
1791525815,0,0
1791525830,0,0
1791525845,0,0
1791525860,0,0
1791525875,0,0
1791525890,0,0
1791525905,0,0
1791525920,0,0
1791525935,0,0
1791525950,0,0
1791525965,0,0
1791525980,0,0
1791525995,0,0
1791526010,0,0
1791526025,0,0
1791526040,0,0
1791526055,0,0
1791526070,0,0
1791526085,0,0
1791526100,0,0
1791526115,0,0
1791526130,0,0
1791526145,0,0
1791526160,0,0
1791526175,0,0
1791526190,0,0
1791526205,0,0
1791526220,0,0
1791526235,0,0
1791526250,0,0
1791526265,0,0
1791526280,0,0
1791526295,0,0
1791526310,0,0
1791526325,0,0
1791526340,0,0
1791526355,0,0
1791526370,0,0
1791526385,0,0
1791526400,0,0
1791526415,0,0
1791526430,0,0
1791526445,0,0
1791526460,0,0
1791526475,0,0
1791526490,0,0
1791526505,0,0
1791526520,0,0
1791526535,0,0
1791526550,0,0
1791526565,0,0
1791526580,0,0
1791526595,0,0
1791526610,0,0
1791526625,0,0
1791526640,0,0
1791526655,0,0
1791526670,0,0
1791526685,0,0
1791526700,0,0
1791526715,0,0
1791526730,0,0
1791526745,0,0
1791526760,0,0
1791526775,0,0
1791526790,0,0
1791526805,0,0
1791526820,0,0
1791526835,0,0
1791526850,0,0
1791526866,0,0
1791526881,0,0
1791526896,0,0
1791526911,0,0
1791526926,0,0
1791526941,0,0
1791526956,0,0
1791526971,0,0
1791526986,0,0
1791527001,0,0
1791527016,0,0
1791527031,0,0
1791527046,0,0
1791527061,0,0
1791527076,0,0
1791527091,0,0
1791527106,0,0
1791527121,0,0
1791527136,0,0
1791527151,0,0
1791527166,0,0
1791527181,0,0
1791527196,0,0
1791527211,0,0
1791527226,0,0
1791527241,0,0
1791527256,0,0
1791527271,0,0
1791527286,0,0
1791527301,0,0
1791527316,0,0
1791527331,0,0
1791527346,0,0
1791527361,0,0
1791527376,0,0
1791527391,0,0
1791527406,0,0
1791527421,0,0
1791527436,0,0
1791527451,0,0
1791527466,0,0
1791527481,0,0
1791527496,0,0
1791527511,0,0
1791527526,0,0
1791527541,0,0
1791527556,0,0
1791527571,0,0
1791527586,0,0
1791527601,0,0
1791527616,0,0
1791527631,0,0
1791527646,0,0
1791527661,0,0
1791527676,0,0
1791527691,0,0
1791527706,0,0
1791527721,0,0
1791527736,0,0
1791527751,0,0
1791527766,0,0
1791527781,0,0
1791527796,0,0
1791527811,0,0
1791527826,0,0
1791527841,0,0
1791527856,0,0
1791527871,0,0
1791527886,0,0
1791527901,0,0
1791527916,0,0
1791527931,0,0
1791527946,0,0
1791527961,0,0
1791527977,0,0
1791527992,0,0
1791528007,0,0
1791528022,0,0
1791528037,0,0
1791528052,0,0
1791528067,0,0
1791528082,0,0
1791528097,0,0
1791528112,0,0
1791528127,0,0
1791528142,0,0
1791528157,0,0
1791528172,0,0
1791528187,0,0
1791528202,0,0
1791528217,0,0
1791528232,0,0
1791528247,0,0
1791528262,0,0
1791528277,0,0
1791528292,0,0
1791528307,0,0
1791528322,0,0
1791528337,0,0
1791528352,0,0
1791528367,0,0
1791528382,0,0
1791528397,0,0
1791528412,0,0
1791528427,0,0
1791528442,0,0
1791528457,0,0
1791528472,0,0
1791528487,0,0
1791528502,0,0
1791528517,0,0
1791528532,0,0
1791528547,0,0
1791528562,0,0
1791528577,0,0
1791528592,0,0
1791528607,0,0
1791528622,0,0
1791528637,0,0
1791528652,0,0
1791528667,0,0
1791528682,0,0
1791528697,0,0
1791528712,0,0
1791528727,0,0
1791528742,0,0
1791528757,0,0
1791528772,0,0
1791528787,0,0
1791528802,0,0
1791528817,0,0
1791528832,0,0
1791528847,0,0
1791528862,0,0
1791528877,0,0
1791528892,0,0
1791528907,0,0
1791528922,0,0
1791528937,0,0
1791528952,0,0
1791528967,0,0
1791528982,0,0
1791528997,0,0
1791529012,0,0
1791529027,0,0
1791529042,0,0
1791529057,0,0
1791529072,0,0
1791529087,0,0
1791529103,0,0
1791529118,0,0
1791529133,0,0
1791529148,0,0
1791529163,0,0
1791529178,0,0
1791529193,0,0
1791529208,0,0
1791529223,0,0
1791529238,0,0
1791529253,0,0
1791529268,0,0
1791529283,0,0
1791529298,0,0
1791529313,0,0
1791529328,0,0
1791529343,0,0
1791529358,0,0
1791529373,0,0
1791529388,0,0
1791529403,0,0
1791529418,0,0
1791529433,0,0
1791529448,0,0
1791529463,0,0
1791529478,0,0
1791529493,0,0
1791529508,0,0
1791529523,0,0
1791529538,0,0
1791529553,0,0
1791529568,0,0
1791529583,0,0
1791529598,0,0
1791529613,0,0
1791529628,0,0
1791529643,0,0
1791529658,0,0
1791529673,0,0
1791529688,0,0
1791529703,0,0
1791529718,0,0
1791529733,0,0
1791529748,0,0
1791529763,0,0
1791529778,0,0
1791529793,0,0
1791529808,0,0
1791529823,0,0
1791529838,0,0
1791529853,0,0
1791529868,0,0
1791529883,0,0
1791529898,0,0
1791529913,0,0
1791529928,0,0
1791529943,0,0
1791529958,0,0
1791529973,0,0
1791529988,0,0
1791530003,0,0
1791530018,0,0
1791530033,0,0
1791530048,0,0
1791530063,0,0
1791530078,0,0
1791530093,0,0
1791530108,0,0
1791530123,0,0
1791530138,0,0
1791530153,0,0
1791530168,0,0
1791530183,0,0
1791530198,0,0
1791530213,0,0
1791530229,0,0
1791530244,0,0
1791530259,0,0
1791530274,0,0
1791530289,0,0
1791530304,0,0
1791530319,0,0
1791530334,0,0
1791530349,0,0
1791530364,0,0
1791530379,0,0
1791530394,0,0
1791530409,0,0
1791530424,0,0
1791530439,0,0
1791530454,0,0
1791530469,0,0
1791530484,0,0
1791530499,0,0
1791530514,0,0
1791530529,0,0
1791530544,0,0
1791530559,0,0
1791530574,0,0
1791530589,0,0
1791530604,0,0
1791530619,0,0
1791530634,0,0
1791530649,0,0
1791530664,0,0
1791530679,0,0
1791530694,0,0
1791530709,0,0
1791530724,0,0
1791530739,0,0
1791530754,0,0
1791530769,0,0
1791530784,0,0
1791530799,0,0
1791530814,0,0
1791530829,0,0
1791530844,0,0
1791530859,0,0
1791530874,0,0
1791530889,0,0
1791530904,0,0
1791530919,0,0
1791530934,0,0
1791530949,0,0
1791530964,0,0
1791530979,0,0
1791530994,0,0
1791531009,0,0
1791531024,0,0
1791531039,0,0
1791531054,0,0
1791531069,0,0
1791531084,0,0
1791531099,0,0
1791531114,0,0
1791531129,0,0
1791531144,0,0
1791531159,0,0
1791531174,0,0
1791531189,0,0
1791531204,0,0
1791531219,0,0
1791531234,0,0
1791531249,0,0
1791531264,0,0
1791531279,0,0
1791531294,0,0
1791531309,0,0
1791531324,0,0
1791531339,0,0
1791531355,0,0
1791531370,0,0
1791531385,0,0
1791531400,0,0
1791531415,0,0
1791531430,0,0
1791531445,0,0
1791531460,0,0
1791531475,0,0
1791531490,0,0
1791531505,0,0
1791531520,0,0
1791531535,0,0
1791531550,0,0
1791531565,0,0
1791531580,0,0
1791531595,0,0
1791531610,0,0
1791531625,0,0
1791531640,0,0
1791531655,0,0
1791531670,0,0
1791531685,0,0
1791531700,0,0
1791531715,0,0
1791531730,0,0
1791531745,0,0
1791531760,0,0
1791531775,0,0
1791531790,0,0
1791531805,0,0
1791531820,0,0
1791531835,0,0
1791531850,0,0
1791531865,0,0
1791531880,0,0
1791531895,0,0
1791531910,0,0
1791531925,0,0
1791531940,0,0
1791531955,0,0
1791531970,0,0
1791531985,0,0
1791532000,0,0
1791532015,0,0
1791532030,0,0
1791532045,0,0
1791532060,0,0
1791532075,0,0
1791532090,0,0
1791532105,0,0
1791532120,0,0
1791532135,0,0
1791532150,0,0
1791532165,0,0
1791532180,0,0
1791532195,0,0
1791532210,0,0
1791532225,0,0
1791532240,0,0
1791532255,0,0
1791532270,0,0
1791532285,0,0
1791532300,0,0
1791532315,0,0
1791532330,0,0
1791532345,0,0
1791532360,0,0
1791532375,0,0
1791532390,0,0
1791532405,0,0
1791532420,0,0
1791532435,0,0
1791532451,0,0
1791532466,0,0
1791532481,0,0
1791532496,0,0
1791532511,0,0
1791532526,0,0
1791532541,0,0
1791532556,0,0
1791532571,0,0
1791532586,0,0
1791532601,0,0
1791532616,0,0
1791532631,0,0
1791532646,0,0
1791532661,0,0
1791532676,0,0
1791532691,0,0
1791532706,0,0
1791532721,0,0
1791532736,0,0
1791532751,0,0
1791532766,0,0
1791532781,0,0
1791532796,0,0
1791532811,0,0
1791532826,0,0
1791532841,0,0
1791532856,0,0
1791532871,0,0
1791532886,0,0
1791532901,0,0
1791532916,0,0
1791532931,0,0
1791532946,0,0
1791532961,0,0
1791532976,0,0
1791532991,0,0
1791533006,0,0
1791533021,0,0
1791533036,0,0
1791533051,0,0
1791533066,0,0
1791533081,0,0
1791533096,0,0
1791533111,0,0
1791533126,0,0
1791533141,0,0
1791533156,0,0
1791533171,0,0
1791533186,0,0
1791533201,0,0
1791533216,0,0
1791533231,0,0
1791533246,0,0
1791533261,0,0
1791533276,0,0
1791533291,0,0
1791533306,0,0
1791533321,0,0
1791533336,0,0
1791533351,0,0
1791533366,0,0
1791533381,0,0
1791533396,0,0
1791533411,0,0
1791533426,0,0
1791533441,0,0
1791533456,0,0
1791533471,0,0
1791533486,0,0
1791533501,0,0
1791533516,0,0
1791533531,0,0
1791533546,0,0
1791533561,0,0
1791533577,0,0
1791533592,0,0
1791533607,0,0
1791533622,0,0
1791533637,0,0
1791533652,0,0
1791533667,0,0
1791533682,0,0
1791533697,0,0
1791533712,0,0
1791533727,0,0
1791533742,0,0
1791533757,0,0
1791533772,0,0
1791533787,0,0
1791533802,0,0
1791533817,0,0
1791533832,0,0
1791533847,0,0
1791533862,0,0
1791533877,0,0
1791533892,0,0
1791533907,0,0
1791533922,0,0
1791533937,0,0
1791533952,0,0
1791533967,0,0
1791533982,0,0
1791533997,0,0
1791534012,0,0
1791534027,0,0
1791534042,0,0
1791534057,0,0
1791534072,0,0
1791534087,0,0
1791534102,0,0
1791534117,0,0
1791534132,0,0
1791534147,0,0
1791534162,0,0
1791534177,0,0
1791534192,0,0
1791534207,0,0
1791534222,0,0
1791534237,0,0
1791534252,0,0
1791534267,0,0
1791534282,0,0
1791534297,0,0
1791534312,0,0
1791534327,0,0
1791534342,0,0
1791534357,0,0
1791534372,0,0
1791534387,0,0
1791534402,0,0
1791534417,0,0
1791534432,0,0
1791534447,0,0
1791534462,0,0
1791534477,0,0
1791534492,0,0
1791534507,0,0
1791534522,0,0
1791534537,0,0
1791534552,0,0
1791534567,0,0
1791534582,0,0
1791534597,0,0
1791534612,0,0
1791534627,0,0
1791534642,0,0
1791534657,0,0
1791534672,0,0
1791534687,0,0
1791534702,0,0
1791534717,0,0
1791534732,0,0
1791534748,0,0
1791534763,0,0
1791534778,0,0
1791534793,0,0
1791534808,0,0
1791534823,0,0
1791534838,0,0
1791534853,0,0
1791534868,0,0
1791534883,0,0
1791534898,0,0
1791534913,0,0
1791534928,0,0
1791534943,0,0
1791534958,0,0
1791534973,0,0
1791534988,0,0
1791535003,0,0
1791535018,0,0
1791535033,0,0
1791535048,0,0
1791535063,0,0
1791535078,0,0
1791535093,0,0
1791535108,0,0
1791535123,0,0
1791535138,0,0
1791535153,0,0
1791535168,0,0
1791535183,0,0
1791535198,0,0
1791535213,0,0
1791535228,0,0
1791535243,0,0
1791535258,0,0
1791535273,0,0
1791535288,0,0
1791535303,0,0
1791535318,0,0
1791535333,0,0
1791535348,0,0
1791535363,0,0
1791535378,0,0
1791535393,0,0
1791535408,0,0
1791535423,0,0
1791535438,0,0
1791535453,0,0
1791535468,0,0
1791535483,0,0
1791535498,0,0
1791535513,0,0
1791535528,0,0
1791535543,0,0
1791535558,0,0
1791535573,0,0
1791535588,0,0
1791535603,0,0
1791535618,0,0
1791535633,0,0
1791535648,0,0
1791535663,0,0
1791535678,0,0
1791535693,0,0
1791535708,0,0
1791535723,0,0
1791535738,0,0
1791535753,0,0
1791535768,0,0
1791535783,0,0
1791535798,0,0
1791535813,0,0
1791535828,0,0
1791535843,0,0
1791535858,0,0
1791535874,0,0
1791535889,0,0
1791535904,0,0
1791535919,0,0
1791535934,0,0
1791535949,0,0
1791535964,0,0
1791535979,0,0
1791535994,0,0
1791536009,0,0
1791536024,0,0
1791536039,0,0
1791536054,0,0
1791536069,0,0
1791536084,0,0
1791536099,0,0
1791536114,0,0
1791536129,0,0
1791536144,0,0
1791536159,0,0
1791536174,0,0
1791536189,0,0
1791536204,0,0
1791536219,0,0
1791536234,0,0
1791536249,0,0
1791536264,0,0
1791536279,0,0
1791536294,0,0
1791536309,0,0
1791536324,0,0
1791536339,0,0
1791536354,0,0
1791536369,0,0
1791536384,0,0
1791536399,0,0
1791536414,0,0
1791536429,0,0
1791536444,0,0
1791536459,0,0
1791536474,0,0
1791536489,0,0
1791536504,0,0
1791536519,0,0
1791536534,0,0
1791536549,0,0
1791536564,0,0
1791536579,0,0
1791536594,0,0
1791536609,0,0
1791536624,0,0
1791536639,0,0
1791536654,0,0
1791536669,0,0
1791536684,0,0
1791536699,0,0
1791536714,0,0
1791536729,0,0
1791536744,0,0
1791536759,0,0
1791536774,0,0
1791536789,0,0
1791536804,0,0
1791536819,0,0
1791536834,0,0
1791536849,0,0
1791536864,0,0
1791536879,0,0
1791536894,0,0
1791536909,0,0
1791536924,0,0
1791536939,0,0
1791536954,0,0
1791536969,0,0
1791536984,0,0
1791536999,0,0
1791537015,0,0
1791537030,0,0
1791537045,0,0
1791537060,0,0
1791537075,0,0
1791537090,0,0
1791537105,0,0
1791537120,0,0
1791537135,0,0
1791537150,0,0
1791537165,0,0
1791537180,0,0
1791537195,0,0
1791537210,0,0
1791537225,0,0
1791537240,0,0
1791537255,0,0
1791537270,0,0
1791537285,0,0
1791537300,0,0
1791537315,0,0
1791537330,0,0
1791537345,0,0
1791537360,0,0
1791537375,0,0
1791537390,0,0
1791537405,0,0
1791537420,0,0
1791537435,0,0
1791537450,0,0
1791537465,0,0
1791537480,0,0
1791537495,0,0
1791537510,0,0
1791537525,0,0
1791537540,0,0
1791537555,0,0
1791537570,0,0
1791537585,0,0
1791537600,0,0
1791537615,0,0
1791537630,0,0
1791537645,0,0
1791537660,0,0
1791537675,0,0
1791537690,0,0
1791537705,0,0
1791537720,0,0
1791537735,0,0
1791537750,0,0
1791537765,0,0
1791537780,0,0
1791537795,0,0
1791537810,0,0
1791537825,0,0
1791537840,0,0
1791537855,0,0
1791537870,0,0
1791537885,0,0
1791537900,0,0
1791537915,0,0
1791537930,0,0
1791537945,0,0
1791537960,0,0
1791537975,0,0
1791537990,0,0
1791538005,0,0
1791538020,0,0
1791538035,0,0
1791538050,0,0
1791538065,0,0
1791538080,0,0
1791538095,0,0
1791538110,0,0
1791538125,0,0
1791538140,0,0
1791538156,0,0
1791538171,0,0
1791538186,0,0
1791538201,0,0
1791538216,0,0
1791538231,0,0
1791538246,0,0
1791538261,0,0
1791538276,0,0
1791538291,0,0
1791538306,0,0
1791538321,0,0
1791538336,0,0
1791538351,0,0
1791538366,0,0
1791538381,0,0
1791538396,0,0
1791538411,0,0
1791538426,0,0
1791538441,0,0
1791538456,0,0
1791538471,0,0
1791538486,0,0
1791538501,0,0
1791538516,0,0
1791538531,0,0
1791538546,0,0
1791538561,0,0
1791538576,0,0
1791538591,0,0
1791538606,0,0
1791538621,0,0
1791538636,0,0
1791538651,0,0
1791538666,0,0
1791538681,0,0
1791538696,0,0
1791538711,0,0
1791538726,0,0
1791538741,0,0
1791538756,0,0
1791538771,0,0
1791538786,0,0
1791538801,0,0
1791538816,0,0
1791538831,0,0
1791538846,0,0
1791538861,0,0
1791538876,0,0
1791538891,0,0
1791538906,0,0
1791538921,0,0
1791538936,0,0
1791538951,0,0
1791538966,0,0
1791538981,0,0
1791538996,0,0
1791539011,0,0
1791539026,0,0
1791539041,0,0
1791539056,0,0
1791539071,0,0
1791539086,0,0
1791539101,0,0
1791539116,0,0
1791539131,0,0
1791539146,0,0
1791539161,0,0
1791539176,0,0
1791539191,0,0
1791539206,0,0
1791539221,0,0
1791539236,0,0
1791539252,0,0
1791539267,0,0
1791539282,0,0
1791539297,0,0
1791539312,0,0
1791539327,0,0
1791539342,0,0
1791539357,0,0
1791539372,0,0
1791539387,0,0
1791539402,0,0
1791539417,0,0
1791539432,0,0
1791539447,0,0
1791539462,0,0
1791539477,0,0
1791539492,0,0
1791539507,0,0
1791539522,0,0
1791539537,0,0
1791539552,0,0
1791539567,0,0
1791539582,0,0
1791539597,0,0
1791539612,0,0
1791539627,0,0
1791539642,0,0
1791539657,0,0
1791539672,0,0
1791539687,0,0
1791539702,0,0
1791539717,0,0
1791539732,0,0
1791539747,0,0
1791539762,0,0
1791539777,0,0
1791539792,0,0
1791539807,0,0
1791539822,0,0
1791539837,0,0
1791539852,0,0
1791539867,0,0
1791539882,0,0
1791539897,0,0
1791539912,0,0
1791539927,0,0
1791539942,0,0
1791539957,0,0
1791539972,0,0
1791539987,0,0
1791540002,0,0
1791540017,0,0
1791540032,0,0
1791540047,0,0
1791540062,0,0
1791540077,0,0
1791540092,0,0
1791540107,0,0
1791540122,0,0
1791540137,0,0
1791540152,0,0
1791540167,0,0
1791540182,0,0
1791540197,0,0
1791540212,0,0
1791540227,0,0
1791540242,0,0
1791540257,0,0
1791540272,0,0
1791540287,0,0
1791540302,0,0
1791540317,0,0
1791540332,0,0
1791540347,0,0
1791540362,0,0
1791540377,0,0
1791540392,0,0
1791540408,0,0
1791540423,0,0
1791540438,0,0
1791540453,0,0
1791540468,0,0
1791540483,0,0
1791540498,0,0
1791540513,0,0
1791540528,0,0
1791540543,0,0
1791540558,0,0
1791540573,0,0
1791540588,0,0
1791540603,0,0
1791540618,0,0
1791540633,0,0
1791540648,0,0
1791540663,0,0
1791540678,0,0
1791540693,0,0
1791540708,0,0
1791540723,0,0
1791540738,0,0
1791540753,0,0
1791540768,0,0
1791540783,0,0
1791540798,0,0
1791540813,0,0
1791540828,0,0
1791540843,0,0
1791540858,0,0
1791540873,0,0
1791540888,0,0
1791540903,0,0
1791540918,0,0
1791540933,0,0
1791540948,0,0
1791540963,0,0
1791540978,0,0
1791540993,0,0
1791541008,0,0
1791541023,0,0
1791541038,0,0
1791541053,0,0
1791541068,0,0
1791541083,0,0
1791541098,0,0
1791541113,0,0
1791541128,0,0
1791541143,0,0
1791541158,0,0
1791541173,0,0
1791541188,0,0
1791541203,0,0
1791541218,0,0
1791541233,0,0
1791541248,0,0
1791541263,0,0
1791541278,0,0
1791541293,0,0
1791541308,0,0
1791541323,0,0
1791541338,0,0
1791541353,0,0
1791541368,0,0
1791541383,0,0
1791541398,0,0
1791541413,0,0
1791541428,0,0
1791541443,0,0
1791541458,0,0
1791541473,0,0
1791541488,0,0
1791541503,0,0
1791541518,0,0
1791541533,0,0
