epoch_s,busy,cores
1791132020,0.2997,4
1791132025,0.2199,4
1791132030,0.2712,4
1791132035,0.3164,4
1791132040,0.3077,4
1791132045,0.3840,4
1791132050,0.4245,4
1791132055,0.3936,4
1791132060,0.3777,4
1791132065,0.6599,4
1791132070,0.4243,4
1791132075,0.4050,4
1791132080,0.5122,4
1791132085,0.4103,4
1791132090,0.5038,4
1791132095,0.5985,4
1791132100,0.5519,4
1791132105,0.5443,4
1791132110,0.5916,4
1791132115,0.5346,4
1791132120,0.5660,4
1791132125,0.5557,4
1791132130,0.5990,4
1791132135,0.5320,4
1791132140,0.5385,4
1791132145,0.6031,4
1791132150,0.5275,4
1791132155,0.5337,4
1791132160,0.5926,4
1791132165,0.5204,4
1791132170,0.5089,4
1791132175,0.5766,4
1791132180,0.5061,4
1791132185,0.5140,4
1791132190,0.5745,4
1791132195,0.5374,4
1791132200,0.6365,4
1791132205,0.5756,4
1791132210,0.5593,4
1791132215,0.5679,4
1791132220,0.7685,4
1791132225,0.7449,4
1791132230,0.7095,4
1791132235,0.7286,4
1791132240,0.6657,4
1791132245,0.5145,4
1791132250,0.6457,4
1791132255,0.9785,4
1791132260,0.9985,4
1791132265,0.8182,4
1791132270,0.8002,4
1791132275,0.7316,4
1791132280,0.7408,4
1791132285,0.7473,4
1791132290,0.7340,4
1791132295,0.8505,4
1791132300,0.7848,4
1791132305,0.8491,4
1791132310,0.9458,4
1791132315,0.7400,4
1791132320,0.8063,4
1791132325,0.8317,4
1791132330,0.6950,4
1791132335,0.8069,4
1791132340,0.6665,4
1791132345,0.7248,4
1791132350,0.6132,4
1791132355,0.5466,4
1791132360,0.5349,4
1791132365,0.5677,4
1791132370,0.3992,4
1791132375,0.3852,4
1791132380,0.4546,4
1791132385,0.4189,4
1791132390,0.3989,4
1791132395,0.4433,4
1791132400,0.4011,4
1791132405,0.3985,4
1791132410,0.5333,4
1791132415,0.6255,4
1791132420,0.7376,4
1791132425,0.8060,4
1791132430,0.9940,4
1791132435,0.8528,4
1791132440,0.7190,4
1791132445,0.6751,4
1791132450,0.5298,4
1791132455,0.4057,4
1791132460,0.4473,4
1791132465,0.3812,4
1791132470,0.3896,4
1791132475,0.5084,4
1791132480,0.4029,4
1791132485,0.2958,4
1791132490,0.4426,4
1791132495,0.4029,4
1791132500,0.3974,4
1791132505,0.4781,4
1791132510,0.3955,4
1791132515,0.4020,4
1791132520,0.4002,4
1791132525,0.5349,4
1791132530,0.7136,4
1791132535,0.7159,4
1791132540,0.7755,4
1791132545,0.8624,4
1791132550,0.9749,4
1791132555,0.9735,4
1791132560,0.9699,4
1791132565,0.7837,4
1791132570,0.8000,4
1791132575,0.7332,4
1791132580,0.7281,4
1791132585,0.7649,4
1791132590,0.6770,4
1791132595,0.5259,4
1791132600,0.5975,4
1791132605,0.6412,4
1791132610,0.5430,4
1791132615,0.5416,4
1791132621,0.5925,4
1791132626,0.5610,4
1791132631,0.5258,4
1791132636,0.6375,4
1791132641,0.5960,4
1791132646,0.5196,4
1791132651,0.4310,4
1791132656,0.4015,4
1791132661,0.3835,4
1791132666,0.5573,4
1791132671,0.5317,4
1791132676,0.5422,4
1791132681,0.5904,4
1791132686,0.4281,4
1791132691,0.4028,4
1791132696,0.4387,4
1791132701,0.4758,4
1791132706,0.4035,4
1791132711,0.4279,4
1791132716,0.3933,4
1791132721,0.5541,4
1791132726,0.7533,4
1791132731,0.9654,4
1791132736,0.8412,4
1791132741,0.7270,4
1791132746,0.9484,4
1791132751,0.9945,4
1791132756,0.9553,4
1791132761,0.9880,4
1791132766,0.9186,4
1791132771,0.6879,4
1791132776,0.8633,4
1791132781,0.9619,4
1791132786,0.9765,4
1791132791,1.0000,4
1791132796,1.0000,4
1791132801,1.0000,4
1791132806,1.0000,4
1791132811,0.9995,4
1791132816,0.9221,4
1791132821,0.6916,4
1791132826,0.5790,4
1791132831,0.5477,4
1791132836,0.7176,4
1791132841,0.7981,4
1791132846,0.7218,4
1791132851,0.8579,4
1791132856,0.7509,4
1791132861,0.7298,4
1791132866,0.7141,4
1791132871,0.9504,4
1791132876,0.8931,4
1791132881,0.8462,4
1791132886,0.9353,4
1791132891,0.9043,4
1791132896,0.7122,4
1791132901,0.7480,4
1791132906,0.7256,4
1791132911,0.7359,4
1791132916,0.7190,4
1791132921,0.7987,4
1791132926,0.6886,4
1791132931,0.9920,4
1791132936,1.0000,4
1791132941,1.0000,4
1791132946,0.9835,4
1791132951,0.9920,4
1791132956,0.9710,4
1791132961,0.9472,4
1791132966,0.8979,4
1791132971,0.9995,4
1791132976,1.0000,4
1791132981,1.0000,4
