timestamp,elapsed_seconds,nodes_ready,nodes_total,alloc_cpu_m,req_cpu_m,used_cpu_m,pods_pending,hpa_count,hpa_current_replicas,hpa_desired_replicas,power_w
2026-10-05T12:23:15Z,0,6,6,24000,2250,309,0,1,3,3,609.0
2026-10-05T12:23:31Z,15,6,6,24000,2250,375,0,1,3,3,612.0
2026-10-05T12:23:46Z,31,6,6,24000,2250,759,0,1,3,3,625.5
2026-10-05T12:24:03Z,46,6,6,24000,2250,994,3,1,3,6,633.0
2026-10-05T12:24:18Z,63,6,6,24000,2850,2702,0,1,6,6,697.5
2026-10-05T12:24:34Z,78,6,6,24000,3650,1011,0,1,6,10,633.0
2026-10-05T12:24:49Z,94,6,6,24000,3650,1325,0,1,10,10,646.5
2026-10-05T12:25:05Z,109,6,6,24000,3650,1241,1,1,10,10,642.0
2026-10-05T12:25:21Z,125,6,6,24000,3650,1472,0,1,10,10,651.0
2026-10-05T12:25:37Z,141,6,6,24000,3650,1644,0,1,10,10,657.0
2026-10-05T12:25:52Z,157,6,6,24000,3650,1623,0,1,10,10,658.5
2026-10-05T12:26:08Z,172,6,6,24000,3650,1701,0,1,10,10,660.0
2026-10-05T12:26:24Z,188,6,6,24000,3650,1886,0,1,10,10,664.5
2026-10-05T12:26:40Z,204,6,6,24000,3650,2041,0,1,10,10,672.0
2026-10-05T12:26:56Z,220,6,6,24000,3650,2247,0,1,10,10,681.0
2026-10-05T12:27:12Z,236,6,6,24000,3650,2089,0,1,10,10,675.0
2026-10-05T12:27:28Z,252,6,6,24000,3650,2023,0,1,10,10,670.5
2026-10-05T12:27:44Z,268,6,6,24000,3650,2162,0,1,10,10,675.0
2026-10-05T12:28:00Z,284,6,6,24000,3650,2082,0,1,10,10,675.0
2026-10-05T12:28:16Z,300,6,6,24000,3650,2047,0,1,10,10,672.0
2026-10-05T12:28:32Z,316,6,6,24000,3650,2111,0,1,10,10,676.5
2026-10-05T12:28:48Z,332,6,6,24000,3650,2142,0,1,10,10,676.5
2026-10-05T12:29:04Z,348,6,6,24000,3650,2059,0,1,10,10,672.0
2026-10-05T12:29:20Z,364,6,6,24000,3650,2117,0,1,10,10,675.0
2026-10-05T12:29:35Z,380,6,6,24000,3650,2001,0,1,10,10,670.5
2026-10-05T12:29:51Z,395,6,6,24000,3650,2038,0,1,10,10,673.5
2026-10-05T12:30:07Z,411,6,6,24000,3650,2091,0,1,10,10,672.0
2026-10-05T12:30:23Z,427,6,6,24000,3650,2040,0,1,10,10,672.0
2026-10-05T12:30:39Z,443,6,6,24000,3650,2061,0,1,10,10,672.0
2026-10-05T12:30:55Z,459,6,6,24000,3650,2075,0,1,10,10,673.5
2026-10-05T12:31:11Z,475,6,6,24000,3650,2158,0,1,10,10,676.5
2026-10-05T12:31:26Z,491,6,6,24000,3650,2094,0,1,10,10,675.0
2026-10-05T12:31:42Z,506,6,6,24000,3650,2089,0,1,10,10,673.5
2026-10-05T12:31:58Z,522,6,6,24000,3650,2135,0,1,10,10,678.0
2026-10-05T12:32:14Z,538,6,6,24000,3650,2117,0,1,10,10,675.0
2026-10-05T12:32:30Z,554,6,6,24000,3650,2060,0,1,10,10,673.5
2026-10-05T12:32:46Z,570,6,6,24000,3650,2177,0,1,10,10,678.0
2026-10-05T12:33:02Z,586,6,6,24000,3650,2227,0,1,10,10,678.0
2026-10-05T12:33:18Z,602,6,6,24000,3650,1997,0,1,10,10,670.5
2026-10-05T12:33:33Z,618,6,6,24000,3650,2031,0,1,10,10,672.0
2026-10-05T12:33:49Z,633,6,6,24000,3650,2156,0,1,10,10,676.5
2026-10-05T12:34:05Z,649,6,6,24000,3650,2157,0,1,10,10,676.5
2026-10-05T12:34:21Z,665,6,6,24000,3650,1994,0,1,10,10,669.0
2026-10-05T12:34:37Z,681,6,6,24000,3650,2049,0,1,10,10,672.0
2026-10-05T12:34:53Z,697,6,6,24000,3650,2106,0,1,10,10,675.0
2026-10-05T12:35:09Z,713,6,6,24000,3650,2151,0,1,10,10,675.0
2026-10-05T12:35:25Z,729,6,6,24000,3650,2051,0,1,10,10,672.0
2026-10-05T12:35:41Z,745,6,6,24000,3650,2148,0,1,10,10,675.0
2026-10-05T12:35:57Z,761,6,6,24000,3650,2070,0,1,10,10,673.5
2026-10-05T12:36:13Z,777,6,6,24000,3650,2147,0,1,10,10,676.5
2026-10-05T12:36:29Z,793,6,6,24000,3650,1946,0,1,10,10,667.5
2026-10-05T12:36:45Z,809,6,6,24000,3650,2040,0,1,10,10,672.0
2026-10-05T12:37:01Z,825,6,6,24000,3650,2079,0,1,10,10,673.5
2026-10-05T12:37:17Z,841,6,6,24000,3650,2262,0,1,10,10,679.5
2026-10-05T12:37:33Z,857,6,6,24000,3650,2060,0,1,10,10,673.5
2026-10-05T12:37:49Z,873,6,6,24000,3650,2253,0,1,10,10,679.5
2026-10-05T12:38:05Z,889,6,6,24000,3650,2209,0,1,10,10,679.5
2026-10-05T12:38:21Z,905,6,6,24000,3650,1991,0,1,10,10,670.5
2026-10-05T12:38:37Z,921,6,6,24000,3650,2066,0,1,10,10,672.0
2026-10-05T12:38:53Z,937,6,6,24000,3650,2062,0,1,10,10,673.5
2026-10-05T12:39:09Z,953,6,6,24000,3650,2180,0,1,10,10,678.0
2026-10-05T12:39:25Z,969,6,6,24000,3650,2142,0,1,10,10,675.0
2026-10-05T12:39:41Z,985,6,6,24000,3650,2157,0,1,10,10,678.0
2026-10-05T12:39:57Z,1001,6,6,24000,3650,2121,0,1,10,10,675.0
2026-10-05T12:40:13Z,1017,6,6,24000,3650,2209,0,1,10,10,678.0
2026-10-05T12:40:29Z,1033,6,6,24000,3650,2074,0,1,10,10,673.5
2026-10-05T12:40:45Z,1049,6,6,24000,3650,2086,0,1,10,10,673.5
2026-10-05T12:41:01Z,1065,6,6,24000,3650,2216,0,1,10,10,678.0
2026-10-05T12:41:17Z,1081,6,6,24000,3650,2256,0,1,10,10,681.0
2026-10-05T12:41:33Z,1097,6,6,24000,3650,2093,0,1,10,10,673.5
2026-10-05T12:41:49Z,1113,6,6,24000,3650,2032,0,1,10,10,672.0
2026-10-05T12:42:05Z,1129,6,6,24000,3650,2119,0,1,10,10,675.0
2026-10-05T12:42:21Z,1145,6,6,24000,3650,2159,0,1,10,10,678.0
2026-10-05T12:42:37Z,1161,6,6,24000,3650,2098,0,1,10,10,675.0
2026-10-05T12:42:53Z,1177,6,6,24000,3650,2220,0,1,10,10,679.5
2026-10-05T12:43:09Z,1193,6,6,24000,3650,2043,0,1,10,10,672.0
2026-10-05T12:43:25Z,1209,6,6,24000,3650,2178,0,1,10,10,678.0
2026-10-05T12:43:41Z,1225,6,6,24000,3650,2073,0,1,10,10,673.5
2026-10-05T12:43:57Z,1241,6,6,24000,3650,2107,0,1,10,10,675.0
2026-10-05T12:44:13Z,1257,6,6,24000,3650,2211,0,1,10,10,679.5
2026-10-05T12:44:29Z,1273,6,6,24000,3650,2112,0,1,10,10,676.5
2026-10-05T12:44:45Z,1289,6,6,24000,3650,2073,0,1,10,10,672.0
2026-10-05T12:45:01Z,1305,6,6,24000,3650,2286,0,1,10,10,681.0
2026-10-05T12:45:17Z,1321,6,6,24000,3650,2020,0,1,10,10,670.5
2026-10-05T12:45:33Z,1337,6,6,24000,3650,2080,0,1,10,10,673.5
2026-10-05T12:45:49Z,1353,6,6,24000,3650,2160,0,1,10,10,676.5
2026-10-05T12:46:05Z,1369,6,6,24000,3650,2095,0,1,10,10,673.5
2026-10-05T12:46:21Z,1385,6,6,24000,3650,2105,0,1,10,10,675.0
2026-10-05T12:46:37Z,1401,6,6,24000,3650,1993,0,1,10,10,669.0
2026-10-05T12:46:53Z,1417,6,6,24000,3650,2110,0,1,10,10,673.5
2026-10-05T12:47:09Z,1433,6,6,24000,3650,2009,0,1,10,10,672.0
2026-10-05T12:47:25Z,1449,6,6,24000,3650,2031,0,1,10,10,672.0
2026-10-05T12:47:41Z,1465,6,6,24000,3650,2072,0,1,10,10,673.5
2026-10-05T12:47:57Z,1481,6,6,24000,3650,2098,0,1,10,10,673.5
2026-10-05T12:48:13Z,1497,6,6,24000,3650,2130,0,1,10,10,673.5
2026-10-05T12:48:29Z,1513,6,6,24000,3650,2069,0,1,10,10,672.0
2026-10-05T12:48:45Z,1529,6,6,24000,3650,2045,0,1,10,10,673.5
2026-10-05T12:49:01Z,1545,6,6,24000,3650,2067,0,1,10,10,672.0
2026-10-05T12:49:17Z,1561,6,6,24000,3650,2051,0,1,10,10,672.0
2026-10-05T12:49:33Z,1577,6,6,24000,3650,2018,0,1,10,10,672.0
2026-10-05T12:49:49Z,1593,6,6,24000,3650,2082,0,1,10,10,673.5
2026-10-05T12:50:05Z,1609,6,6,24000,3650,2243,0,1,10,10,679.5
2026-10-05T12:50:21Z,1625,6,6,24000,3650,2119,0,1,10,10,673.5
2026-10-05T12:50:37Z,1641,6,6,24000,3650,2073,0,1,10,10,673.5
2026-10-05T12:50:53Z,1657,6,6,24000,3650,2116,0,1,10,10,675.0
2026-10-05T12:51:09Z,1673,6,6,24000,3650,2110,0,1,10,10,675.0
2026-10-05T12:51:25Z,1689,6,6,24000,3650,2086,0,1,10,10,673.5
2026-10-05T12:51:41Z,1705,6,6,24000,3650,2012,0,1,10,10,672.0
2026-10-05T12:51:57Z,1721,6,6,24000,3650,2105,0,1,10,10,675.0
2026-10-05T12:52:13Z,1737,6,6,24000,3650,2174,0,1,10,10,676.5
2026-10-05T12:52:29Z,1753,6,6,24000,3650,2161,0,1,10,10,676.5
2026-10-05T12:52:46Z,1769,6,6,24000,3650,2037,0,1,10,10,672.0
2026-10-05T12:53:01Z,1786,6,6,24000,3650,2280,0,1,10,10,682.5
2026-10-05T12:53:17Z,1801,6,6,24000,3650,2119,0,1,10,10,676.5
2026-10-05T12:53:33Z,1817,6,6,24000,3650,2101,0,1,10,10,676.5
2026-10-05T12:53:49Z,1833,6,6,24000,3650,2027,0,1,10,10,670.5
2026-10-05T12:54:05Z,1849,6,6,24000,3650,2147,0,1,10,10,675.0
2026-10-05T12:54:21Z,1865,6,6,24000,3650,2140,0,1,10,10,676.5
2026-10-05T12:54:37Z,1881,6,6,24000,3650,2054,0,1,10,10,673.5
2026-10-05T12:54:53Z,1897,6,6,24000,3650,2013,0,1,10,10,672.0
2026-10-05T12:55:09Z,1913,6,6,24000,3650,2094,0,1,10,10,675.0
2026-10-05T12:55:25Z,1929,6,6,24000,3650,2144,0,1,10,10,675.0
2026-10-05T12:55:41Z,1945,6,6,24000,3650,2013,0,1,10,10,670.5
2026-10-05T12:55:57Z,1961,6,6,24000,3650,2093,0,1,10,10,675.0
2026-10-05T12:56:13Z,1977,6,6,24000,3650,2283,0,1,10,10,682.5
2026-10-05T12:56:29Z,1993,6,6,24000,3650,2174,0,1,10,10,676.5
2026-10-05T12:56:45Z,2009,6,6,24000,3650,2067,0,1,10,10,676.5
2026-10-05T12:57:01Z,2025,6,6,24000,3650,2112,0,1,10,10,673.5
2026-10-05T12:57:17Z,2041,6,6,24000,3650,2157,0,1,10,10,675.0
2026-10-05T12:57:33Z,2057,6,6,24000,3650,2045,0,1,10,10,673.5
2026-10-05T12:57:49Z,2073,6,6,24000,3650,2145,0,1,10,10,676.5
2026-10-05T12:58:05Z,2089,6,6,24000,3650,2223,0,1,10,10,681.0
2026-10-05T12:58:21Z,2105,6,6,24000,3650,2046,0,1,10,10,672.0
2026-10-05T12:58:37Z,2121,6,6,24000,3650,2134,0,1,10,10,675.0
2026-10-05T12:58:53Z,2137,6,6,24000,3650,2027,0,1,10,10,672.0
2026-10-05T12:59:10Z,2153,6,6,24000,3650,2318,0,1,10,10,682.5
2026-10-05T12:59:26Z,2170,6,6,24000,3650,2148,0,1,10,10,676.5
2026-10-05T12:59:42Z,2186,6,6,24000,3650,1979,0,1,10,10,672.0
2026-10-05T12:59:58Z,2202,6,6,24000,3650,2128,0,1,10,10,673.5
2026-10-05T13:00:14Z,2218,6,6,24000,3650,2155,0,1,10,10,678.0
2026-10-05T13:00:30Z,2234,6,6,24000,3650,2111,0,1,10,10,675.0
2026-10-05T13:00:46Z,2250,6,6,24000,3650,2135,0,1,10,10,673.5
2026-10-05T13:01:02Z,2266,6,6,24000,3650,2114,0,1,10,10,673.5
2026-10-05T13:01:18Z,2282,6,6,24000,3650,2106,0,1,10,10,676.5
2026-10-05T13:01:34Z,2298,6,6,24000,3650,2088,0,1,10,10,675.0
2026-10-05T13:01:50Z,2314,6,6,24000,3650,2067,0,1,10,10,673.5
2026-10-05T13:02:06Z,2330,6,6,24000,3650,2109,0,1,10,10,675.0
2026-10-05T13:02:22Z,2346,6,6,24000,3650,2120,0,1,10,10,675.0
2026-10-05T13:02:37Z,2362,6,6,24000,3650,2058,0,1,10,10,673.5
2026-10-05T13:02:53Z,2377,6,6,24000,3650,2075,0,1,10,10,673.5
2026-10-05T13:03:09Z,2393,6,6,24000,3650,2051,0,1,10,10,675.0
2026-10-05T13:03:25Z,2409,6,6,24000,3650,2142,0,1,10,10,676.5
2026-10-05T13:03:41Z,2425,6,6,24000,3650,1987,0,1,10,10,669.0
2026-10-05T13:03:57Z,2441,6,6,24000,3650,2045,0,1,10,10,673.5
2026-10-05T13:04:13Z,2457,6,6,24000,3650,2228,0,1,10,10,678.0
2026-10-05T13:04:30Z,2473,6,6,24000,3650,2099,0,1,10,10,673.5
2026-10-05T13:04:46Z,2490,6,6,24000,3650,2063,0,1,10,10,672.0
2026-10-05T13:05:02Z,2506,6,6,24000,3650,2073,0,1,10,10,672.0
2026-10-05T13:05:18Z,2522,6,6,24000,3650,2090,0,1,10,10,673.5
2026-10-05T13:05:34Z,2538,6,6,24000,3650,2034,0,1,10,10,672.0
2026-10-05T13:05:49Z,2554,6,6,24000,3650,2076,0,1,10,10,672.0
2026-10-05T13:06:05Z,2569,6,6,24000,3650,2142,0,1,10,10,675.0
2026-10-05T13:06:21Z,2585,6,6,24000,3650,2051,0,1,10,10,672.0
2026-10-05T13:06:37Z,2601,6,6,24000,3650,2057,0,1,10,10,673.5
2026-10-05T13:06:53Z,2617,6,6,24000,3650,2170,0,1,10,10,676.5
2026-10-05T13:07:09Z,2633,6,6,24000,3650,2075,0,1,10,10,672.0
2026-10-05T13:07:25Z,2649,6,6,24000,3650,2088,0,1,10,10,672.0
2026-10-05T13:07:41Z,2665,6,6,24000,3650,2051,0,1,10,10,672.0
2026-10-05T13:07:57Z,2681,6,6,24000,3650,2028,0,1,10,10,672.0
2026-10-05T13:08:13Z,2697,6,6,24000,3650,2106,0,1,10,10,672.0
2026-10-05T13:08:29Z,2713,6,6,24000,3650,2042,0,1,10,10,673.5
2026-10-05T13:08:45Z,2729,6,6,24000,3650,1976,0,1,10,10,669.0
2026-10-05T13:09:01Z,2745,6,6,24000,3650,2122,0,1,10,10,675.0
2026-10-05T13:09:17Z,2761,6,6,24000,3650,2152,0,1,10,10,676.5
2026-10-05T13:09:33Z,2777,6,6,24000,3650,1942,0,1,10,10,667.5
2026-10-05T13:09:49Z,2793,6,6,24000,3650,1967,0,1,10,10,672.0
2026-10-05T13:10:05Z,2809,6,6,24000,3650,2025,0,1,10,10,670.5
2026-10-05T13:10:21Z,2825,6,6,24000,3650,2041,0,1,10,10,672.0
2026-10-05T13:10:36Z,2841,6,6,24000,3650,2000,0,1,10,10,669.0
2026-10-05T13:10:53Z,2856,6,6,24000,3650,1993,0,1,10,10,670.5
2026-10-05T13:11:09Z,2873,6,6,24000,3650,1974,0,1,10,10,669.0
