epoch_s,machines
1791142705,4
1791142720,4
1791142736,4
1791142751,4
1791142766,4
1791142782,4
1791142797,4
1791142812,2
1791142828,2
1791142843,2
1791142858,2
1791142874,2
1791142889,2
1791142904,2
1791142920,2
1791142935,2
1791142950,2
1791142966,2
1791142981,2
1791142996,2
1791143012,2
1791143027,2
1791143042,2
1791143058,2
1791143073,2
1791143088,2
1791143104,2
1791143119,2
1791143134,2
1791143150,2
1791143165,2
1791143180,2
1791143196,2
1791143211,2
1791143226,2
1791143242,2
1791143257,2
1791143272,2
1791143288,2
1791143303,2
1791143318,2
1791143334,2
1791143349,2
1791143364,2
1791143380,2
1791143395,2
1791143410,2
1791143426,2
1791143441,2
1791143456,2
1791143472,2
1791143487,2
1791143503,2
1791143518,2
1791143533,2
1791143549,2
1791143564,2
1791143579,2
1791143595,2
1791143610,2
1791143625,2
1791143641,2
1791143656,2
1791143671,2
1791143687,2
1791143702,2
1791143717,2
1791143733,2
1791143748,2
1791143763,2
1791143779,2
1791143794,2
1791143809,2
1791143825,2
1791143840,2
1791143855,2
1791143871,2
1791143886,2
1791143901,2
1791143917,2
1791143932,2
1791143947,2
1791143963,2
1791143978,2
1791143993,2
1791144009,2
1791144024,2
1791144039,2
1791144055,2
1791144070,2
1791144085,2
1791144101,2
1791144116,2
1791144131,2
1791144147,2
1791144162,2
1791144177,2
1791144193,2
1791144208,2
1791144223,2
1791144239,2
1791144254,2
1791144269,2
1791144285,2
1791144300,2
1791144315,2
1791144331,2
1791144346,2
1791144362,2
1791144377,2
1791144392,2
1791144408,2
1791144423,2
1791144438,2
1791144454,2
1791144469,2
1791144484,2
1791144500,2
1791144515,2
1791144530,2
1791144546,2
